,Date,Tm,Home_Away,Opp,W/L,R,RA,Inn,W-L,Rank,GB,Win,Loss,Save,Time,D/N,Attendance,cLI,Streak,Orig. Scheduled
1,"Thursday, Mar 28",SFG,@,SDP,L,0.0,2.0,9.0,0-1,4.0,1.0,Lauer,Bumgarner,Yates,2:18,D,44655.0,1.08,-1,
2,"Friday, Mar 29",SFG,@,SDP,L,1.0,4.0,9.0,0-2,5.0,2.0,Lucchesi,Holland,Yates,3:07,N,33769.0,1.02,-2,
3,"Saturday, Mar 30",SFG,@,SDP,W,3.0,2.0,9.0,1-2,4.0,1.0,Rodriguez,Margevicius,Smith,3:10,N,41899.0,.97,1,
4,"Sunday, Mar 31",SFG,@,SDP,L,1.0,3.0,9.0,1-3,4.0,2.0,Warren,Vincent,Yates,2:47,D,38444.0,1.02,-1,
5,"Monday, Apr 1",SFG,@,LAD,W,4.0,2.0,9.0,2-3,3.0,1.0,Gott,Kelly,Smith,2:59,N,40477.0,1.00,1,
6,"Tuesday, Apr 2",SFG,@,LAD,L,5.0,6.0,9.0,2-4,4.0,2.0,Ryu,Bumgarner,Jansen,2:50,N,42887.0,1.03,-1,
7,"Wednesday, Apr 3",SFG,@,LAD,L,3.0,5.0,9.0,2-5,5.0,3.0,Alexander,Moronta,Jansen,2:59,N,51170.0,1.03,-2,
8,"Friday, Apr 5",SFG,Home,TBR,L,2.0,5.0,9.0,2-6,5.0,4.0,Glasnow,Rodriguez,Alvarado,3:06,D,41067.0,.77,-3,
9,"Saturday, Apr 6",SFG,Home,TBR,W,6.0,4.0,9.0,3-6,4.0,4.0,Bergen,Yarbrough,Smith,2:51,D,31828.0,.75,1,
10,"Sunday, Apr 7",SFG,Home,TBR,L,0.0,3.0,9.0,3-7,4.0,5.0,Chirinos,Pomeranz,Alvarado,3:06,D,31574.0,.75,-1,
11,"Monday, Apr 8",SFG,Home,SDP,L,5.0,6.0,9.0,3-8,4.0,5.0,Lauer,Moronta,Yates,2:55,N,28625.0,.84,-2,
12,"Tuesday, Apr 9",SFG,Home,SDP,W,7.0,2.0,9.0,4-8,4.0,4.0,Holland,Lucchesi,None,2:39,N,28506.0,.79,1,
13,"Wednesday, Apr 10",SFG,Home,SDP,L,1.0,3.0,9.0,4-9,4.0,4.0,Margevicius,Rodriguez,Yates,2:37,D,28584.0,.89,-1,
14,"Thursday, Apr 11",SFG,Home,COL,W,1.0,0.0,9.0,5-9,4.0,4.0,Samardzija,Gray,Smith,2:34,N,29727.0,.77,1,
15,"Friday, Apr 12",SFG,Home,COL,W-wo,3.0,2.0,18.0,6-9,4.0,4.0,Bergen,Johnson,None,5:35,N,33616.0,.83,2,
16,"Saturday, Apr 13",SFG,Home,COL,W,5.0,2.0,9.0,7-9,3.0,4.0,Bumgarner,Freeland,Dyson,2:48,D,32607.0,.86,3,
17,"Sunday, Apr 14",SFG,Home,COL,L,0.0,4.0,9.0,7-10,4.0,4.0,Marquez,Holland,None,2:25,D,35513.0,.94,-1,
18,"Tuesday, Apr 16",SFG,@,WSN,W,7.0,3.0,9.0,8-10,4.0,2.5,Rodriguez,Strasburg,None,3:16,N,22334.0,.85,1,
19,"Wednesday, Apr 17",SFG,@,WSN,L,6.0,9.0,9.0,8-11,4.0,3.5,Hellickson,Samardzija,None,3:07,N,22611.0,.89,-1,
20,"Thursday, Apr 18",SFG,@,WSN,L,2.0,4.0,9.0,8-12,4.0,4.5,Corbin,Pomeranz,Doolittle,2:52,D,26085.0,.80,-2,
21,"Friday, Apr 19",SFG,@,PIT,L,1.0,4.0,9.0,8-13,5.0,5.5,Lyles,Bumgarner,Vazquez,2:48,N,15049.0,.76,-3,
22,"Saturday, Apr 20",SFG,@,PIT,L,1.0,3.0,5.0,8-14,5.0,5.5,Taillon,Holland,None,1:32,D,17663.0,.70,-4,
23,"Sunday, Apr 21",SFG,@,PIT,W,3.0,2.0,9.0,9-14,5.0,5.5,Rodriguez,Archer,Smith,2:47,D,12396.0,.68,1,
24,"Tuesday, Apr 23",SFG,@,TOR,W,7.0,6.0,9.0,10-14,4.0,4.5,Samardzija,Thornton,Smith,3:06,N,20384.0,.68,2,
25,"Wednesday, Apr 24",SFG,@,TOR,W,4.0,0.0,9.0,11-14,4.0,3.5,Pomeranz,Buchholz,None,2:41,D,19652.0,.77,3,
26,"Friday, Apr 26",SFG,Home,NYY,L,3.0,7.0,9.0,11-15,5.0,5.0,Paxton,Bumgarner,None,3:26,N,34950.0,.76,-1,
27,"Saturday, Apr 27",SFG,Home,NYY,L,4.0,6.0,9.0,11-16,5.0,6.0,Happ,Holland,Chapman,2:35,D,33971.0,.70,-2,
28,"Sunday, Apr 28",SFG,Home,NYY,L,5.0,11.0,9.0,11-17,5.0,7.0,German,Rodriguez,None,3:16,D,34540.0,.61,-3,
29,"Monday, Apr 29",SFG,Home,LAD,W,3.0,2.0,9.0,12-17,5.0,6.0,Dyson,Stripling,Smith,3:14,N,32212.0,.67,1,
30,"Tuesday, Apr 30",SFG,Home,LAD,L,3.0,10.0,9.0,12-18,5.0,7.0,Buehler,Pomeranz,None,2:45,N,32017.0,.78,-1,
31,"Wednesday, May 1",SFG,Home,LAD,W-wo,2.0,1.0,9.0,13-18,5.0,6.0,Smith,Urias,None,3:01,N,31960.0,.66,1,
32,"Friday, May 3",SFG,@,CIN,W,12.0,11.0,11.0,14-18,5.0,6.0,Moronta,Hughes,Smith,4:29,N,23478.0,.63,2,
33,"Saturday, May 4",SFG,@,CIN,L,2.0,9.0,9.0,14-19,5.0,7.0,Roark,Rodriguez,None,2:26,N,24104.0,.68,-1,
34,"Sunday, May 5",SFG,@,CIN,W,6.0,5.0,9.0,15-19,5.0,6.0,Watson,Iglesias,Smith,2:38,D,23654.0,.61,1,
35,"Monday, May 6",SFG,@,CIN,L,4.0,12.0,9.0,15-20,5.0,7.0,DeSclafani,Pomeranz,None,2:57,D,19476.0,.66,-1,
36,"Tuesday, May 7",SFG,@,COL,W,14.0,4.0,9.0,16-20,4.0,7.0,Bumgarner,Senzatela,None,3:23,N,21707.0,.66,1,
37,"Thursday, May 9",SFG,@,COL,L,11.0,12.0,9.0,16-21,5.0,7.5,Shaw,Beede,Davis,3:56,D,25368.0,.70,-1,
38,"Friday, May 10",SFG,Home,CIN,L,0.0,7.0,9.0,16-22,5.0,8.5,Castillo,Rodriguez,None,2:47,N,32191.0,.58,-2,
39,"Saturday, May 11",SFG,Home,CIN,L,4.0,5.0,9.0,16-23,5.0,8.5,Garrett,Moronta,Iglesias,2:59,N,32829.0,.52,-3,
40,"Sunday, May 12",SFG,Home,CIN,W,6.0,5.0,9.0,17-23,5.0,8.5,Watson,Hernandez,Smith,3:01,D,35824.0,.51,1,
41,"Tuesday, May 14",SFG,Home,TOR,L,3.0,7.0,9.0,17-24,5.0,9.5,Thornton,Vincent,None,3:02,N,31230.0,.53,-1,
42,"Wednesday, May 15",SFG,Home,TOR,W,4.0,3.0,9.0,18-24,5.0,9.5,Melancon,Tepera,Smith,3:01,D,31828.0,.46,1,
43,"Friday, May 17",SFG,@,ARI,L,0.0,7.0,9.0,18-25,5.0,10.5,Kelly,Samardzija,None,3:06,N,26806.0,.57,-1,
44,"Saturday, May 18",SFG,@,ARI,W,8.0,5.0,9.0,19-25,5.0,9.5,Bumgarner,Godley,None,3:24,N,25014.0,.50,1,
45,"Sunday, May 19",SFG,@,ARI,W,3.0,2.0,10.0,20-25,4.0,9.5,Dyson,Hirano,Smith,3:28,D,24061.0,.62,2,
46,"Monday, May 20",SFG,Home,ATL,L,1.0,4.0,9.0,20-26,5.0,10.0,Soroka,Suarez,Newcomb,2:23,N,29815.0,.60,-1,
47,"Tuesday, May 21",SFG,Home,ATL,W-wo,4.0,3.0,9.0,21-26,5.0,10.0,Gott,Jackson,None,3:16,N,28030.0,.53,1,
48,"Wednesday, May 22",SFG,Home,ATL,L,2.0,9.0,9.0,21-27,5.0,10.0,Fried,Samardzija,None,2:48,N,31402.0,.58,-1,
49,"Thursday, May 23",SFG,Home,ATL,L,4.0,5.0,13.0,21-28,5.0,10.5,Jackson,Moronta,None,4:21,D,32463.0,.53,-2,
50,"Friday, May 24",SFG,Home,ARI,L,2.0,18.0,9.0,21-29,5.0,11.5,Ray,Pomeranz,Godley,3:35,N,31777.0,.52,-3,
51,"Saturday, May 25",SFG,Home,ARI,L,4.0,10.0,9.0,21-30,5.0,12.5,Clarke,Suarez,None,3:06,D,31531.0,.42,-4,
52,"Sunday, May 26",SFG,Home,ARI,L,2.0,6.0,9.0,21-31,5.0,13.5,Weaver,Anderson,Holland,3:17,D,37017.0,.34,-5,
53,"Tuesday, May 28",SFG,@,MIA,L,3.0,11.0,9.0,21-32,5.0,14.0,Richards,Samardzija,None,2:51,N,6407.0,.25,-6,
54,"Wednesday, May 29",SFG,@,MIA,L,2.0,4.0,9.0,21-33,5.0,15.0,Anderson,Bumgarner,Romo,2:38,N,6487.0,.23,-7,
55,"Thursday, May 30",SFG,@,MIA,W,3.0,1.0,9.0,22-33,5.0,15.0,Moronta,Conley,Smith,3:05,D,7371.0,.20,1,
56,"Friday, May 31",SFG,@,BAL,L,6.0,9.0,9.0,22-34,5.0,16.0,Cashner,Pomeranz,Bleier,3:09,N,17545.0,.22,-1,
57,"Saturday, Jun 1",SFG,@,BAL,W,8.0,2.0,9.0,23-34,5.0,16.0,Anderson,Hess,None,2:48,D,19352.0,.18,1,
58,"Sunday, Jun 2",SFG,@,BAL,W,8.0,1.0,9.0,24-34,5.0,16.0,Samardzija,Ynoa,None,3:01,D,16991.0,.21,2,
59,"Tuesday, Jun 4",SFG,@,NYM,W,9.0,3.0,10.0,25-34,5.0,16.5,Melancon,Gsellman,None,3:35,N,24878.0,.23,3,
60,"Wednesday, Jun 5",SFG,@,NYM,L,0.0,7.0,9.0,25-35,5.0,16.5,Vargas,Beede,None,2:41,N,23357.0,.30,-1,
61,"Thursday, Jun 6",SFG,@,NYM,L,3.0,7.0,9.0,25-36,5.0,17.0,Lugo,Melancon,None,2:43,D,28857.0,.25,-2,
62,"Friday, Jun 7",SFG,Home,LAD,W,2.0,1.0,9.0,26-36,5.0,16.0,Moronta,Kershaw,Smith,2:31,N,35157.0,.23,1,
63,"Saturday, Jun 8",SFG,Home,LAD,L,2.0,7.0,9.0,26-37,5.0,17.0,Hill,Samardzija,None,3:41,D,37784.0,.25,-1,
64,"Sunday, Jun 9",SFG,Home,LAD,L,0.0,1.0,9.0,26-38,5.0,18.0,Buehler,Bumgarner,Jansen,2:31,D,34098.0,.19,-2,
65,"Tuesday, Jun 11",SFG,Home,SDP,W,6.0,5.0,9.0,27-38,5.0,16.5,Melancon,Wingenter,Smith,3:01,N,28535.0,.15,1,
66,"Wednesday, Jun 12",SFG,Home,SDP,W,4.0,2.0,9.0,28-38,5.0,16.0,Anderson,Lucchesi,Smith,2:52,N,31188.0,.19,2,
67,"Friday, Jun 14",SFG,Home,MIL,W,5.0,3.0,9.0,29-38,5.0,16.5,Pomeranz,Davies,Smith,3:01,N,35106.0,.21,3,
68,"Saturday, Jun 15",SFG,Home,MIL,W,8.0,7.0,9.0,30-38,5.0,15.5,Gott,Guerra,Smith,3:06,D,34560.0,.24,4,
69,"Sunday, Jun 16",SFG,Home,MIL,L,3.0,5.0,9.0,30-39,5.0,16.5,Albers,Samardzija,Hader,3:18,D,34603.0,.28,-1,
70,"Monday, Jun 17",SFG,@,LAD,W,3.0,2.0,9.0,31-39,5.0,15.5,Beede,Maeda,Smith,3:11,N,42479.0,.25,1,
71,"Tuesday, Jun 18",SFG,@,LAD,L,0.0,9.0,9.0,31-40,5.0,16.5,Kershaw,Anderson,None,2:59,N,48219.0,.29,-1,
72,"Wednesday, Jun 19",SFG,@,LAD,L,2.0,9.0,9.0,31-41,5.0,17.5,Floro,Pomeranz,None,2:47,N,43802.0,.24,-2,
73,"Thursday, Jun 20",SFG,@,LAD,L,8.0,9.0,9.0,31-42,5.0,18.5,Chargois,Bumgarner,Jansen,3:25,N,43742.0,.19,-3,
74,"Friday, Jun 21",SFG,@,ARI,W,11.0,5.0,9.0,32-42,5.0,18.5,Samardzija,Clarke,None,3:09,N,29312.0,.17,1,
75,"Saturday, Jun 22",SFG,@,ARI,W,7.0,4.0,9.0,33-42,5.0,18.5,Gott,Godley,Smith,3:20,N,32082.0,.19,2,
76,"Sunday, Jun 23",SFG,@,ARI,L-wo,2.0,3.0,10.0,33-43,5.0,19.5,Andriese,Melancon,None,3:13,D,25071.0,.25,-1,
77,"Monday, Jun 24",SFG,Home,COL,L,0.0,2.0,9.0,33-44,5.0,19.5,Gray,Pomeranz,Davis,2:45,N,30018.0,.23,-2,
78,"Tuesday, Jun 25",SFG,Home,COL,W,4.0,2.0,9.0,34-44,5.0,19.5,Bumgarner,Gonzalez,Smith,2:43,N,31458.0,.17,1,
79,"Wednesday, Jun 26",SFG,Home,COL,L,3.0,6.0,9.0,34-45,5.0,19.5,Marquez,Samardzija,Davis,2:54,D,33765.0,.22,-1,
80,"Thursday, Jun 27",SFG,Home,ARI,L,1.0,5.0,9.0,34-46,5.0,20.5,Young,Beede,None,2:42,N,30790.0,.16,-2,
81,"Friday, Jun 28",SFG,Home,ARI,W,6.0,3.0,9.0,35-46,5.0,19.5,Anderson,Kelly,None,3:07,N,35391.0,.13,1,
82,"Saturday, Jun 29",SFG,Home,ARI,L,3.0,4.0,9.0,35-47,5.0,19.5,Greinke,Dyson,Holland,3:18,N,31600.0,.15,-1,
83,"Sunday, Jun 30",SFG,Home,ARI,W,10.0,4.0,9.0,36-47,5.0,19.5,Bumgarner,Ray,None,3:09,D,31778.0,.11,1,
84,"Monday, Jul 1",SFG,@,SDP,W,13.0,2.0,9.0,37-47,5.0,19.0,Samardzija,Allen,None,3:12,N,25274.0,.14,2,
85,"Tuesday, Jul 2",SFG,@,SDP,W,10.0,4.0,9.0,38-47,5.0,19.0,Beede,Strahm,None,3:12,N,24007.0,.19,3,
86,"Wednesday, Jul 3",SFG,@,SDP,W,7.0,5.0,9.0,39-47,5.0,19.0,Gott,Perdomo,Smith,3:00,N,33905.0,.22,4,
87,"Friday, Jul 5",SFG,Home,STL,L,4.0,9.0,9.0,39-48,5.0,19.5,Hudson,Pomeranz,None,3:23,N,37603.0,.25,-1,
88,"Saturday, Jul 6",SFG,Home,STL,W,8.0,4.0,9.0,40-48,5.0,18.5,Dyson,Mikolas,None,3:13,N,32487.0,.21,1,
89,"Sunday, Jul 7",SFG,Home,STL,W,1.0,0.0,9.0,41-48,5.0,17.5,Samardzija,Flaherty,Smith,2:19,D,33841.0,.26,2,
90,"Friday, Jul 12",SFG,@,MIL,W,10.0,7.0,10.0,42-48,5.0,16.5,Smith,Albers,None,3:33,N,40186.0,.29,3,
91,"Saturday, Jul 13",SFG,@,MIL,L-wo,4.0,5.0,9.0,42-49,5.0,17.5,Jeffress,Moronta,None,3:54,N,42324.0,.35,-1,
92,"Sunday, Jul 14",SFG,@,MIL,W,8.0,3.0,9.0,43-49,5.0,17.5,Beede,Burnes,None,3:26,D,43259.0,.28,1,
93,"Monday, Jul 15 (1)",SFG,@,COL,W,19.0,2.0,9.0,44-49,5.0,17.0,Samardzija,Marquez,None,3:15,D,26434.0,.36,2,2019-05-08 (Rain)
94,"Monday, Jul 15 (2)",SFG,@,COL,W,2.0,1.0,9.0,45-49,5.0,17.0,Rodriguez,Gonzalez,Smith,2:42,N,34424.0,.42,3,
95,"Tuesday, Jul 16",SFG,@,COL,W,8.0,4.0,10.0,46-49,3.0,16.0,Smith,Davis,None,3:33,N,47413.0,.49,4,
96,"Wednesday, Jul 17",SFG,@,COL,W,11.0,8.0,9.0,47-49,3.0,16.0,Holland,Gray,Melancon,3:28,D,40157.0,.53,5,
97,"Thursday, Jul 18",SFG,Home,NYM,W-wo,3.0,2.0,16.0,48-49,3.0,15.0,Jerez,Mazza,None,4:47,N,36862.0,.57,6,
98,"Friday, Jul 19",SFG,Home,NYM,W-wo,1.0,0.0,10.0,49-49,3.0,15.0,Dyson,Rhame,None,2:51,N,32861.0,.63,7,
99,"Saturday, Jul 20",SFG,Home,NYM,L,4.0,11.0,9.0,49-50,3.0,16.0,Lockett,Samardzija,None,2:50,D,33860.0,.66,-1,
100,"Sunday, Jul 21",SFG,Home,NYM,W-wo,3.0,2.0,12.0,50-50,2.0,16.0,Gott,Gsellman,None,3:28,D,35406.0,.62,1,
101,"Monday, Jul 22",SFG,Home,CHC,W,5.0,4.0,9.0,51-50,2.0,15.5,Gott,Strop,Dyson,2:50,N,37119.0,.72,2,
102,"Tuesday, Jul 23",SFG,Home,CHC,W-wo,5.0,4.0,13.0,52-50,2.0,14.5,Coonrod,Brach,None,3:45,N,39747.0,.78,3,
103,"Wednesday, Jul 24",SFG,Home,CHC,L,1.0,4.0,9.0,52-51,2.0,14.5,Ryan,Beede,Kimbrel,2:58,D,37746.0,.87,-1,
104,"Friday, Jul 26",SFG,@,SDP,W,2.0,1.0,11.0,53-51,2.0,14.5,Melancon,Allen,Smith,3:32,N,41951.0,.70,1,
105,"Saturday, Jul 27",SFG,@,SDP,L,1.0,5.0,9.0,53-52,2.0,15.5,Quantrill,Anderson,None,3:11,N,41371.0,.80,-1,
106,"Sunday, Jul 28",SFG,@,SDP,W,7.0,6.0,9.0,54-52,2.0,14.5,Bumgarner,Perdomo,Smith,3:00,D,35087.0,.76,1,
107,"Tuesday, Jul 30",SFG,@,PHI,L,2.0,4.0,9.0,54-53,2.0,15.0,Smyly,Beede,Neris,2:47,N,32217.0,.93,-1,
108,"Wednesday, Jul 31",SFG,@,PHI,W,5.0,1.0,9.0,55-53,2.0,15.0,Samardzija,Velasquez,None,3:02,N,31313.0,.83,1,
109,"Thursday, Aug 1",SFG,@,PHI,L,2.0,10.0,9.0,55-54,2.0,16.0,Alvarez,Rodriguez,None,3:04,D,28524.0,.96,-1,
110,"Friday, Aug 2",SFG,@,COL,L,4.0,5.0,9.0,55-55,2.0,16.0,Diaz,Moronta,Oberg,2:50,N,40672.0,.76,-2,
111,"Saturday, Aug 3",SFG,@,COL,W,6.0,5.0,9.0,56-55,2.0,16.0,Coonrod,Estevez,Smith,3:42,N,47540.0,.70,1,
112,"Sunday, Aug 4",SFG,@,COL,L,2.0,6.0,9.0,56-56,2.0,17.0,Freeland,Beede,None,2:52,D,40084.0,.78,-1,
113,"Monday, Aug 5",SFG,Home,WSN,L,0.0,4.0,9.0,56-57,2.0,18.0,Fedde,Samardzija,None,3:12,N,32366.0,.81,-2,
114,"Tuesday, Aug 6",SFG,Home,WSN,L,3.0,5.0,9.0,56-58,3.0,19.0,Sanchez,Menez,Doolittle,2:45,N,31628.0,.68,-3,
115,"Wednesday, Aug 7",SFG,Home,WSN,L,1.0,4.0,9.0,56-59,3.0,20.0,Ross,Anderson,None,2:59,D,30958.0,.59,-4,
116,"Thursday, Aug 8",SFG,Home,PHI,W,5.0,0.0,9.0,57-59,3.0,19.5,Bumgarner,Nola,None,2:49,N,37667.0,.41,1,
117,"Friday, Aug 9",SFG,Home,PHI,L,6.0,9.0,9.0,57-60,3.0,19.5,Alvarez,Watson,Neris,3:05,N,36275.0,.50,-1,
118,"Saturday, Aug 10",SFG,Home,PHI,W,3.0,1.0,9.0,58-60,3.0,19.5,Samardzija,Velasquez,Smith,2:32,D,39106.0,.39,1,
119,"Sunday, Aug 11",SFG,Home,PHI,W,9.0,6.0,9.0,59-60,3.0,19.5,Smith,Alvarez,None,3:31,D,36637.0,.47,2,
120,"Tuesday, Aug 13",SFG,Home,OAK,W,3.0,2.0,9.0,60-60,3.0,19.5,Bumgarner,Anderson,Smith,2:45,N,36663.0,.47,3,
121,"Wednesday, Aug 14",SFG,Home,OAK,L,5.0,9.0,9.0,60-61,3.0,20.5,Bailey,Beede,Hendriks,3:15,D,39511.0,.54,-1,
122,"Thursday, Aug 15",SFG,@,ARI,W,7.0,0.0,9.0,61-61,2.0,19.5,Rodriguez,Young,None,2:44,N,19037.0,.48,1,
123,"Friday, Aug 16",SFG,@,ARI,W,10.0,9.0,11.0,62-61,2.0,19.5,Smith,López,Gott,4:05,N,23642.0,.59,2,
124,"Saturday, Aug 17",SFG,@,ARI,W,11.0,6.0,9.0,63-61,2.0,18.5,Webb,Clarke,None,3:40,N,35366.0,.67,3,
125,"Sunday, Aug 18",SFG,@,ARI,L,1.0,6.0,9.0,63-62,2.0,18.5,Kelly,Bumgarner,None,3:19,D,26079.0,.82,-1,
126,"Tuesday, Aug 20",SFG,@,CHC,L,3.0,5.0,9.0,63-63,3.0,19.5,Hamels,Abad,Kimbrel,2:57,N,36969.0,.65,-2,
127,"Wednesday, Aug 21",SFG,@,CHC,L,11.0,12.0,9.0,63-64,3.0,20.5,Kintzler,Moronta,Kimbrel,3:31,N,38619.0,.52,-3,
128,"Thursday, Aug 22",SFG,@,CHC,L,0.0,1.0,9.0,63-65,3.0,21.5,Hendricks,Samardzija,Wick,2:29,D,36366.0,.35,-4,
129,"Saturday, Aug 24",SFG,@,OAK,W,10.0,5.0,9.0,64-65,2.0,21.0,Coonrod,Petit,None,3:50,N,53367.0,.21,1,
130,"Sunday, Aug 25",SFG,@,OAK,W,5.0,4.0,9.0,65-65,2.0,20.0,Coonrod,Diekman,Smith,3:02,D,47321.0,.27,2,
131,"Monday, Aug 26",SFG,Home,ARI,L,4.0,6.0,9.0,65-66,3.0,20.0,Young,Beede,Bradley,3:30,N,29169.0,.37,-1,
132,"Tuesday, Aug 27",SFG,Home,ARI,L,2.0,3.0,9.0,65-67,3.0,21.0,Leake,Coonrod,Bradley,2:46,N,28262.0,.27,-2,
133,"Thursday, Aug 29",SFG,Home,SDP,L,3.0,5.0,9.0,65-68,3.0,21.5,Paddack,Rodriguez,Munoz,2:28,N,33135.0,.17,-3,
134,"Friday, Aug 30",SFG,Home,SDP,W,8.0,3.0,9.0,66-68,3.0,20.5,Bumgarner,Lamet,None,2:54,N,34293.0,.10,1,
135,"Saturday, Aug 31",SFG,Home,SDP,L,1.0,4.0,9.0,66-69,3.0,20.5,Stammen,Watson,Yates,2:58,N,36424.0,.14,-1,
136,"Sunday, Sep 1",SFG,Home,SDP,L,4.0,8.0,9.0,66-70,3.0,21.5,Lauer,Samardzija,None,3:02,D,38701.0,.07,-2,
137,"Monday, Sep 2",SFG,@,STL,L,1.0,3.0,9.0,66-71,3.0,22.5,Wainwright,Beede,Martinez,2:43,D,40732.0,.06,-3,
138,"Tuesday, Sep 3",SFG,@,STL,L,0.0,1.0,9.0,66-72,3.0,23.5,Flaherty,Rodriguez,Martinez,2:11,N,38259.0,.02,-4,
139,"Wednesday, Sep 4",SFG,@,STL,W,9.0,8.0,9.0,67-72,3.0,23.5,Rogers,Gallegos,Smith,4:05,N,41945.0,.01,1,
140,"Thursday, Sep 5",SFG,@,STL,L,0.0,10.0,9.0,67-73,3.0,24.0,Hudson,Webb,Cabrera,2:54,D,36800.0,.01,-1,
141,"Friday, Sep 6",SFG,@,LAD,W,5.0,4.0,9.0,68-73,3.0,23.0,Samardzija,Kershaw,Smith,3:22,N,53317.0,.00,1,
142,"Saturday, Sep 7",SFG,@,LAD,W,1.0,0.0,9.0,69-73,3.0,22.0,Beede,Gonsolin,Gustave,3:21,N,53870.0,.01,2,
143,"Sunday, Sep 8",SFG,@,LAD,L,0.0,5.0,9.0,69-74,3.0,23.0,Maeda,Rodriguez,None,2:46,D,52310.0,.02,-1,
144,"Monday, Sep 9",SFG,Home,PIT,L,4.0,6.0,9.0,69-75,3.0,23.5,Rodriguez,Abad,Vazquez,3:09,N,26826.0,.01,-2,
145,"Tuesday, Sep 10",SFG,Home,PIT,W,5.0,4.0,9.0,70-75,3.0,23.5,Cueto,Keller,Anderson,2:57,N,26877.0,.00,1,
146,"Wednesday, Sep 11",SFG,Home,PIT,L,3.0,6.0,9.0,70-76,3.0,23.5,Feliz,Webb,Vazquez,2:51,N,26627.0,.01,-1,
147,"Thursday, Sep 12",SFG,Home,PIT,L,2.0,4.0,9.0,70-77,3.0,24.5,Musgrove,Samardzija,Vazquez,2:57,D,30918.0,.00,-2,
148,"Friday, Sep 13",SFG,Home,MIA,W,1.0,0.0,9.0,71-77,3.0,24.5,Beede,Alcantara,Anderson,2:22,N,33418.0,.00,1,
149,"Saturday, Sep 14",SFG,Home,MIA,L,2.0,4.0,9.0,71-78,3.0,24.5,Garcia,Anderson,Urena,2:56,N,38663.0,.00,-1,
150,"Sunday, Sep 15",SFG,Home,MIA,W,2.0,1.0,9.0,72-78,3.0,24.5,Rogers,Garcia,Smith,2:51,D,39663.0,.00,1,
151,"Tuesday, Sep 17",SFG,@,BOS,W,7.0,6.0,15.0,73-78,3.0,24.5,Rodriguez,Kelley,None,5:54,N,35925.0,.00,2,
152,"Wednesday, Sep 18",SFG,@,BOS,W,11.0,3.0,9.0,74-78,3.0,23.5,Samardzija,Chacin,None,3:34,N,35697.0,.00,3,
153,"Thursday, Sep 19",SFG,@,BOS,L,4.0,5.0,9.0,74-79,3.0,24.0,Rodriguez,Bumgarner,Workman,3:17,D,35816.0,.00,-1,
154,"Friday, Sep 20",SFG,@,ATL,L,0.0,6.0,9.0,74-80,3.0,25.0,Foltynewicz,Beede,None,2:21,N,37419.0,.00,-2,
155,"Saturday, Sep 21",SFG,@,ATL,L,1.0,8.0,9.0,74-81,3.0,25.0,Fried,Cueto,None,2:35,N,40899.0,.00,-3,
156,"Sunday, Sep 22",SFG,@,ATL,W,4.0,1.0,9.0,75-81,3.0,25.0,Webb,Keuchel,Smith,3:07,D,33674.0,.00,1,
157,"Tuesday, Sep 24",SFG,Home,COL,L,5.0,8.0,16.0,75-82,3.0,26.0,Howard,Rodriguez,Shaw,5:31,N,27870.0,.00,-1,
158,"Wednesday, Sep 25",SFG,Home,COL,W-wo,2.0,1.0,9.0,76-82,3.0,26.0,Smith,Johnson,None,3:13,N,29175.0,.00,1,
159,"Thursday, Sep 26",SFG,Home,COL,W,8.0,3.0,9.0,77-82,3.0,26.0,Coonrod,Tinoco,None,3:21,D,30350.0,.00,2,
160,"Friday, Sep 27",SFG,Home,LAD,L,2.0,9.0,9.0,77-83,3.0,27.0,Buehler,Cueto,None,3:42,N,36554.0,.00,-1,
161,"Saturday, Sep 28",SFG,Home,LAD,L,0.0,2.0,9.0,77-84,3.0,28.0,Ryu,Webb,Jansen,2:40,D,37518.0,.00,-2,
162,"Sunday, Sep 29",SFG,Home,LAD,L,0.0,9.0,9.0,77-85,3.0,29.0,May,Rodriguez,None,3:23,D,41909.0,.00,-3,
