,Date,Tm,Home_Away,Opp,W/L,R,RA,Inn,W-L,Rank,GB,Win,Loss,Save,Time,D/N,Attendance,cLI,Streak,Orig. Scheduled
1,"Monday, Apr 4",CHW,@,OAK,W,4.0,3.0,9.0,1-0,1.0,Tied,Sale,Hill,Robertson,2:56,N,35067.0,.91,1,
2,"Tuesday, Apr 5",CHW,@,OAK,W,5.0,4.0,9.0,2-0,1.0,up 0.5,Jones,Doolittle,Robertson,3:28,N,10478.0,1.00,2,
3,"Wednesday, Apr 6",CHW,@,OAK,L,1.0,2.0,9.0,2-1,2.0,0.5,Gray,Rodon,Madson,2:54,N,16468.0,1.05,-1,
4,"Thursday, Apr 7",CHW,@,OAK,W,6.0,1.0,9.0,3-1,1.0,Tied,Latos,Graveman,None,3:06,D,12577.0,1.01,1,
5,"Friday, Apr 8",CHW,Home,CLE,L,1.0,7.0,9.0,3-2,2.0,1.0,Salazar,Danks,None,2:45,D,38019.0,1.20,-1,
6,"Saturday, Apr 9",CHW,Home,CLE,W,7.0,3.0,9.0,4-2,1.0,Tied,Sale,Shaw,None,2:43,D,20192.0,1.09,1,
7,"Monday, Apr 11",CHW,@,MIN,W,4.0,1.0,9.0,5-2,1.0,up 0.5,Quintana,Gibson,Robertson,3:05,D,40638.0,1.12,2,
8,"Wednesday, Apr 13",CHW,@,MIN,W,3.0,0.0,9.0,6-2,1.0,Tied,Rodon,Hughes,Robertson,2:51,N,21008.0,1.10,3,
9,"Thursday, Apr 14",CHW,@,MIN,W,3.0,1.0,9.0,7-2,1.0,Tied,Latos,Santana,Robertson,3:00,D,19736.0,1.10,4,
10,"Friday, Apr 15",CHW,@,TBR,W,1.0,0.0,9.0,8-2,1.0,Tied,Sale,Colome,None,2:23,N,16801.0,1.13,5,
11,"Saturday, Apr 16",CHW,@,TBR,L,2.0,7.0,9.0,8-3,1.0,Tied,Ramirez,Danks,None,2:52,N,30451.0,1.12,-1,
12,"Sunday, Apr 17",CHW,@,TBR,L,2.0,3.0,9.0,8-4,1.0,Tied,Moore,Quintana,Colome,2:36,D,21810.0,1.13,-2,
13,"Monday, Apr 18",CHW,Home,LAA,L,0.0,7.0,9.0,8-5,2.0,0.5,Santiago,Rodon,None,2:58,N,14706.0,1.13,-3,
14,"Tuesday, Apr 19",CHW,Home,LAA,W,5.0,0.0,9.0,9-5,2.0,0.5,Latos,Shoemaker,Jones,2:46,N,12093.0,1.09,1,
15,"Wednesday, Apr 20",CHW,Home,LAA,W,2.0,1.0,9.0,10-5,1.0,up 0.5,Sale,Richards,Robertson,2:59,D,12785.0,1.10,2,
16,"Thursday, Apr 21",CHW,Home,LAA,L,2.0,3.0,9.0,10-6,2.0,0.5,Weaver,Danks,Street,2:48,D,11418.0,1.14,-1,
17,"Friday, Apr 22",CHW,Home,TEX,W,5.0,0.0,9.0,11-6,2.0,0.5,Quintana,Perez,None,2:41,N,15486.0,1.10,1,
18,"Saturday, Apr 23",CHW,Home,TEX,W-wo,4.0,3.0,11.0,12-6,1.0,up 0.5,Albers,Martinez,None,3:57,D,20182.0,1.12,2,
19,"Sunday, Apr 24",CHW,Home,TEX,W,4.0,1.0,9.0,13-6,1.0,up 0.5,Latos,Holland,Robertson,2:52,D,26058.0,1.15,3,
20,"Monday, Apr 25",CHW,@,TOR,W,7.0,5.0,9.0,14-6,1.0,up 1.5,Putnam,Cecil,Robertson,3:24,N,24333.0,1.20,4,
21,"Tuesday, Apr 26",CHW,@,TOR,W,10.0,1.0,9.0,15-6,1.0,up 2.5,Sale,Dickey,None,2:35,N,23726.0,1.18,5,
22,"Wednesday, Apr 27",CHW,@,TOR,W,4.0,0.0,9.0,16-6,1.0,up 3.5,Quintana,Estrada,None,2:52,N,28759.0,1.22,6,
23,"Thursday, Apr 28",CHW,@,BAL,L,2.0,10.0,9.0,16-7,1.0,up 3.0,Givens,Danks,None,3:10,N,14568.0,1.22,-1,
24,"Friday, Apr 29",CHW,@,BAL,L,3.0,6.0,9.0,16-8,1.0,up 3.0,Brach,Rodon,Britton,2:30,N,19912.0,1.21,-2,
25,"Saturday, Apr 30",CHW,@,BAL,W,8.0,7.0,9.0,17-8,1.0,up 3.0,Jones,Britton,None,3:42,N,29152.0,1.24,1,
26,"Sunday, May 1",CHW,@,BAL,W,7.0,1.0,9.0,18-8,1.0,up 3.0,Sale,Jimenez,None,3:07,D,28803.0,1.23,2,
27,"Tuesday, May 3",CHW,Home,BOS,W,4.0,1.0,9.0,19-8,1.0,up 4.0,Quintana,Wright,Robertson,2:53,N,15025.0,1.20,3,
28,"Wednesday, May 4",CHW,Home,BOS,L,2.0,5.0,9.0,19-9,1.0,up 4.0,Buchholz,Rodon,Kimbrel,2:46,N,14383.0,1.22,-1,
29,"Thursday, May 5",CHW,Home,BOS,L,3.0,7.0,9.0,19-10,1.0,up 4.0,Barnes,Johnson,None,3:57,N,20126.0,1.20,-2,
30,"Friday, May 6",CHW,Home,MIN,W,10.0,4.0,9.0,20-10,1.0,up 4.0,Latos,Nolasco,None,2:54,N,23054.0,1.26,1,
31,"Saturday, May 7",CHW,Home,MIN,W,7.0,2.0,9.0,21-10,1.0,up 5.0,Sale,Santana,None,2:58,N,28049.0,1.27,2,
32,"Sunday, May 8",CHW,Home,MIN,W,3.0,1.0,9.0,22-10,1.0,up 5.0,Quintana,Duffey,Robertson,2:30,D,23801.0,1.19,3,
33,"Monday, May 9",CHW,@,TEX,W,8.0,4.0,12.0,23-10,1.0,up 6.0,Jennings,Ramos,None,3:58,N,22958.0,1.16,4,
34,"Tuesday, May 10",CHW,@,TEX,L,11.0,13.0,9.0,23-11,1.0,up 5.0,Claudio,Albers,Tolleson,3:22,N,25804.0,1.14,-1,
35,"Wednesday, May 11",CHW,@,TEX,L,5.0,6.0,9.0,23-12,1.0,up 5.0,Barnette,Jennings,Dyson,3:07,D,29023.0,1.17,-2,
36,"Friday, May 13",CHW,@,NYY,W,7.0,1.0,9.0,24-12,1.0,up 5.0,Sale,Severino,None,2:45,N,34264.0,1.16,1,
37,"Saturday, May 14",CHW,@,NYY,L,1.0,2.0,9.0,24-13,1.0,up 5.0,Nova,Quintana,Chapman,2:24,D,39691.0,1.12,-1,
38,"Sunday, May 15",CHW,@,NYY,L,5.0,7.0,9.0,24-14,1.0,up 5.0,Betances,Albers,Chapman,3:36,D,41979.0,1.18,-2,
39,"Tuesday, May 17",CHW,Home,HOU,L,5.0,6.0,11.0,24-15,1.0,up 3.5,Neshek,Albers,Sipp,3:54,N,13481.0,1.23,-3,
40,"Wednesday, May 18",CHW,Home,HOU,L,3.0,5.0,9.0,24-16,1.0,up 2.5,Fister,Latos,Gregerson,2:57,N,14936.0,1.25,-4,
41,"Thursday, May 19",CHW,Home,HOU,W,2.0,1.0,9.0,25-16,1.0,up 2.5,Sale,McHugh,None,2:11,N,20096.0,1.26,1,
42,"Friday, May 20",CHW,Home,KCR,L,1.0,4.0,9.0,25-17,1.0,up 1.5,Gee,Quintana,Davis,2:59,N,24020.0,1.50,-1,
43,"Saturday, May 21",CHW,Home,KCR,L,1.0,2.0,9.0,25-18,1.0,up 1.5,Soria,Gonzalez,Davis,3:05,D,27631.0,1.52,-2,
44,"Sunday, May 22",CHW,Home,KCR,W,3.0,2.0,9.0,26-18,1.0,up 2.5,Rodon,Ventura,Robertson,2:46,D,34526.0,1.53,1,
45,"Monday, May 23 (1)",CHW,Home,CLE,W,7.0,6.0,9.0,27-18,1.0,up 2.5,Latos,Clevinger,Robertson,3:10,D,,1.61,2,2016-04-10 (Rain)
46,"Monday, May 23 (2)",CHW,Home,CLE,L,1.0,5.0,9.0,27-19,1.0,up 2.5,Anderson,Johnson,None,2:40,N,18323.0,1.59,-1,
47,"Tuesday, May 24",CHW,Home,CLE,L,2.0,6.0,9.0,27-20,1.0,up 1.5,Tomlin,Sale,None,2:51,N,21550.0,1.61,-2,
48,"Wednesday, May 25",CHW,Home,CLE,L,3.0,4.0,9.0,27-21,1.0,up 0.5,Kluber,Quintana,Allen,3:02,D,22561.0,1.58,-3,
49,"Friday, May 27",CHW,@,KCR,L,5.0,7.0,9.0,27-22,1.0,up 0.5,Moylan,Albers,Davis,2:58,N,28508.0,1.54,-4,
50,"Saturday, May 28",CHW,@,KCR,L-wo,7.0,8.0,9.0,27-23,2.0,0.5,Wang,Kahnle,None,3:22,D,31598.0,1.52,-5,
51,"Sunday, May 29",CHW,@,KCR,L,4.0,5.0,9.0,27-24,3.0,1.0,Young,Jones,Davis,3:04,D,36624.0,1.48,-6,
52,"Monday, May 30",CHW,@,NYM,L,0.0,1.0,9.0,27-25,3.0,2.0,Harvey,Quintana,Familia,2:34,D,38339.0,1.20,-7,
53,"Tuesday, May 31",CHW,@,NYM,W,6.0,4.0,9.0,28-25,2.0,2.0,Jennings,Robles,Robertson,3:02,N,32781.0,1.16,1,
54,"Wednesday, Jun 1",CHW,@,NYM,W,2.0,1.0,13.0,29-25,2.0,2.0,Albers,Verrett,None,4:41,D,34160.0,1.16,2,
55,"Friday, Jun 3",CHW,@,DET,L,3.0,10.0,9.0,29-26,3.0,1.5,Zimmermann,Rodon,None,3:22,N,31184.0,1.38,-1,
56,"Saturday, Jun 4",CHW,@,DET,L,4.0,7.0,9.0,29-27,3.0,2.0,Pelfrey,Sale,Rodriguez,3:09,D,32916.0,1.34,-2,
57,"Sunday, Jun 5",CHW,@,DET,L,2.0,5.0,9.0,29-28,3.0,3.0,Verlander,Quintana,Rodriguez,3:09,D,29086.0,1.28,-3,
58,"Tuesday, Jun 7",CHW,Home,WSN,L,5.0,10.0,9.0,29-29,4.0,3.5,Treinen,Latos,None,3:55,N,18812.0,1.05,-4,
59,"Wednesday, Jun 8",CHW,Home,WSN,L,4.0,11.0,9.0,29-30,4.0,3.5,Scherzer,Shields,None,3:38,N,15273.0,.97,-5,
60,"Thursday, Jun 9",CHW,Home,WSN,W,3.0,1.0,9.0,30-30,4.0,3.5,Gonzalez,Gonzalez,Robertson,2:21,N,20014.0,1.01,1,
61,"Friday, Jun 10",CHW,Home,KCR,W,7.0,5.0,9.0,31-30,2.0,3.5,Sale,Kennedy,Robertson,3:00,N,23290.0,1.20,2,
62,"Saturday, Jun 11",CHW,Home,KCR,L,1.0,4.0,9.0,31-31,4.0,3.5,Duffy,Quintana,None,2:37,D,31183.0,1.26,-1,
63,"Sunday, Jun 12",CHW,Home,KCR,L,1.0,3.0,9.0,31-32,4.0,4.5,Ventura,Rodon,Davis,2:43,D,30363.0,1.21,-2,
64,"Monday, Jun 13",CHW,Home,DET,W-wo,10.0,9.0,12.0,32-32,4.0,3.5,Duke,Sanchez,None,4:34,N,16314.0,1.06,1,
65,"Tuesday, Jun 14",CHW,Home,DET,L,8.0,11.0,9.0,32-33,4.0,3.5,Zimmermann,Gonzalez,None,3:47,N,17403.0,1.17,-1,
66,"Wednesday, Jun 15",CHW,Home,DET,W,5.0,3.0,9.0,33-33,4.0,2.5,Sale,Pelfrey,Robertson,2:49,N,20292.0,1.12,1,
67,"Friday, Jun 17",CHW,@,CLE,L-wo,2.0,3.0,9.0,33-34,4.0,3.5,Allen,Jones,None,2:47,N,27912.0,1.25,-1,
68,"Saturday, Jun 18",CHW,@,CLE,L,2.0,13.0,9.0,33-35,4.0,4.5,Salazar,Shields,None,3:00,N,31066.0,1.11,-2,
69,"Sunday, Jun 19",CHW,@,CLE,L-wo,2.0,3.0,10.0,33-36,4.0,5.5,Otero,Robertson,None,3:12,D,25269.0,1.06,-3,
70,"Monday, Jun 20",CHW,@,BOS,W,3.0,1.0,10.0,34-36,4.0,5.5,Duke,Kimbrel,Robertson,3:33,N,36291.0,.74,1,
71,"Tuesday, Jun 21",CHW,@,BOS,W,3.0,1.0,9.0,35-36,4.0,5.5,Sale,Buchholz,Robertson,2:54,N,36544.0,.82,2,
72,"Wednesday, Jun 22",CHW,@,BOS,W,8.0,6.0,9.0,36-36,4.0,5.5,Jennings,Uehara,Duke,3:38,N,37413.0,.91,3,
73,"Thursday, Jun 23",CHW,@,BOS,L-wo,7.0,8.0,10.0,36-37,4.0,6.0,Kimbrel,Purke,None,4:25,D,37790.0,.95,-1,
74,"Friday, Jun 24",CHW,Home,TOR,W,3.0,2.0,9.0,37-37,4.0,6.0,Jones,Chavez,Robertson,3:22,N,27196.0,.90,1,
75,"Saturday, Jun 25",CHW,Home,TOR,L,8.0,10.0,9.0,37-38,4.0,7.0,Dickey,Gonzalez,Osuna,3:14,D,25776.0,1.00,-1,
76,"Sunday, Jun 26",CHW,Home,TOR,W,5.0,2.0,9.0,38-38,3.0,7.0,Sale,Stroman,Robertson,2:27,D,28345.0,.86,1,
77,"Tuesday, Jun 28",CHW,Home,MIN,L,0.0,4.0,9.0,38-39,4.0,8.5,Gibson,Quintana,None,2:51,N,22072.0,.85,-1,
78,"Wednesday, Jun 29",CHW,Home,MIN,W,9.0,6.0,9.0,39-39,4.0,8.5,Shields,Nolasco,Jones,3:03,N,18571.0,.75,1,
79,"Thursday, Jun 30",CHW,Home,MIN,W,6.0,5.0,9.0,40-39,4.0,8.5,Jones,Abad,Robertson,3:03,D,26158.0,.74,2,
80,"Friday, Jul 1",CHW,@,HOU,L,0.0,5.0,9.0,40-40,4.0,9.5,Fiers,Gonzalez,None,2:58,N,31965.0,.87,-1,
81,"Saturday, Jul 2",CHW,@,HOU,W,7.0,6.0,9.0,41-40,4.0,8.5,Sale,Fister,Robertson,3:09,D,35116.0,.74,1,
82,"Sunday, Jul 3",CHW,@,HOU,W,4.0,1.0,9.0,42-40,4.0,7.5,Quintana,McHugh,Robertson,2:58,D,30379.0,.85,2,
83,"Monday, Jul 4",CHW,Home,NYY,W,8.0,2.0,9.0,43-40,4.0,7.5,Shields,Sabathia,None,3:06,D,30955.0,.91,3,
84,"Tuesday, Jul 5",CHW,Home,NYY,L,0.0,9.0,9.0,43-41,4.0,8.5,Tanaka,Rodon,None,3:07,N,20773.0,.96,-1,
85,"Wednesday, Jul 6",CHW,Home,NYY,W,5.0,0.0,9.0,44-41,3.0,7.5,Gonzalez,Pineda,None,2:54,N,21144.0,.87,1,
86,"Friday, Jul 8",CHW,Home,ATL,L,8.0,11.0,9.0,44-42,3.0,8.0,Wisler,Sale,None,3:17,N,26199.0,.95,-1,
87,"Saturday, Jul 9",CHW,Home,ATL,W,5.0,4.0,9.0,45-42,3.0,7.0,Quintana,Teheran,Jones,2:48,D,23888.0,.84,1,
88,"Sunday, Jul 10",CHW,Home,ATL,L,0.0,2.0,9.0,45-43,3.0,7.0,Foltynewicz,Shields,Johnson,2:22,D,29156.0,.92,-1,
89,"Friday, Jul 15",CHW,@,LAA,L,0.0,7.0,9.0,45-44,3.0,8.0,Santiago,Gonzalez,None,2:39,N,42031.0,.90,-2,
90,"Saturday, Jul 16",CHW,@,LAA,L,0.0,1.0,9.0,45-45,4.0,8.0,Shoemaker,Shields,None,2:20,N,39620.0,.80,-3,
91,"Sunday, Jul 17",CHW,@,LAA,L,1.0,8.0,9.0,45-46,4.0,9.0,Weaver,Turner,None,2:40,D,36834.0,.77,-4,
92,"Monday, Jul 18",CHW,@,SEA,L-wo,3.0,4.0,9.0,45-47,4.0,9.0,Rollins,Robertson,None,2:21,N,20598.0,.63,-5,
93,"Tuesday, Jul 19",CHW,@,SEA,W,6.0,1.0,9.0,46-47,4.0,9.0,Quintana,Miley,None,3:00,N,24851.0,.58,1,
94,"Wednesday, Jul 20",CHW,@,SEA,L-wo,5.0,6.0,11.0,46-48,4.0,10.0,Nuno,Jennings,None,3:12,D,39985.0,.67,-1,
95,"Thursday, Jul 21",CHW,Home,DET,L,1.0,2.0,7.0,46-49,4.0,10.5,Pelfrey,Shields,Greene,2:08,N,24938.0,.56,-2,
96,"Friday, Jul 22",CHW,Home,DET,L,5.0,7.0,9.0,46-50,4.0,10.5,Ryan,Fulmer,Rodriguez,3:35,N,22611.0,.45,-3,
97,"Saturday, Jul 23",CHW,Home,DET,W-wo,4.0,3.0,9.0,47-50,4.0,9.5,Robertson,Wilson,None,3:15,N,32527.0,.41,1,
98,"Sunday, Jul 24",CHW,Home,DET,W-wo,5.0,4.0,9.0,48-50,4.0,8.5,Robertson,Rondon,None,3:00,D,30281.0,.51,2,
99,"Monday, Jul 25",CHW,Home,CHC,W-wo,5.0,4.0,9.0,49-50,3.0,8.0,Jennings,Montgomery,None,3:23,N,39510.0,.50,3,
100,"Tuesday, Jul 26",CHW,Home,CHC,W,3.0,0.0,9.0,50-50,3.0,8.0,Shields,Hendricks,Robertson,2:55,N,39553.0,.59,4,
101,"Wednesday, Jul 27",CHW,@,CHC,L,1.0,8.0,9.0,50-51,3.0,8.0,Hammel,Ranaudo,None,2:51,N,41166.0,.65,-1,
102,"Thursday, Jul 28",CHW,@,CHC,L,1.0,3.0,9.0,50-52,3.0,8.5,Lackey,Sale,Chapman,2:51,N,41157.0,.60,-2,
103,"Friday, Jul 29",CHW,@,MIN,L-wo,1.0,2.0,12.0,50-53,3.0,9.5,May,Jennings,None,3:42,N,23983.0,.52,-3,
104,"Saturday, Jul 30",CHW,@,MIN,W,6.0,5.0,10.0,51-53,3.0,9.5,Ynoa,Abad,Robertson,3:23,N,27914.0,.40,1,
105,"Sunday, Jul 31",CHW,@,MIN,L,4.0,6.0,9.0,51-54,3.0,10.5,Santana,Rodon,Pressly,2:39,D,29670.0,.47,-1,
106,"Tuesday, Aug 2",CHW,@,DET,L,5.0,11.0,9.0,51-55,3.0,10.0,Sanchez,Shields,None,3:07,N,30316.0,.45,-2,
107,"Wednesday, Aug 3",CHW,@,DET,L,1.0,2.0,9.0,51-56,3.0,10.0,Greene,Sale,Rodriguez,2:35,N,32526.0,.38,-3,
108,"Thursday, Aug 4",CHW,@,DET,W,6.0,3.0,9.0,52-56,3.0,10.0,Quintana,Zimmermann,Robertson,2:50,D,33023.0,.32,1,
109,"Friday, Aug 5",CHW,Home,BAL,L,5.0,7.0,9.0,52-57,3.0,10.0,Gallardo,Gonzalez,Britton,3:19,N,26553.0,.34,-1,
110,"Saturday, Aug 6",CHW,Home,BAL,W,4.0,2.0,9.0,53-57,3.0,10.0,Jones,Tillman,Robertson,2:56,N,28491.0,.21,1,
111,"Sunday, Aug 7",CHW,Home,BAL,L,2.0,10.0,9.0,53-58,3.0,10.0,Bundy,Shields,Jimenez,2:53,D,31040.0,.26,-1,
112,"Tuesday, Aug 9",CHW,@,KCR,W,7.0,5.0,10.0,54-58,3.0,10.0,Robertson,Herrera,Jennings,3:05,N,27134.0,.25,1,
113,"Wednesday, Aug 10",CHW,@,KCR,L-wo,2.0,3.0,14.0,54-59,3.0,10.0,Gee,Albers,None,4:34,N,25188.0,.27,-1,
114,"Thursday, Aug 11",CHW,@,KCR,L,1.0,2.0,9.0,54-60,4.0,11.0,Duffy,Fulmer,None,2:25,N,34310.0,.22,-2,
115,"Friday, Aug 12",CHW,@,MIA,W,4.0,2.0,9.0,55-60,4.0,11.0,Rodon,Cashner,Robertson,3:22,N,21090.0,.16,1,
116,"Saturday, Aug 13",CHW,@,MIA,W,8.0,7.0,9.0,56-60,3.0,11.0,Beck,Barraclough,Robertson,3:23,N,20006.0,.20,2,
117,"Sunday, Aug 14",CHW,@,MIA,L,4.0,5.0,9.0,56-61,4.0,12.0,Dunn,Sale,Rodney,2:49,D,21401.0,.23,-1,
118,"Tuesday, Aug 16",CHW,@,CLE,L,1.0,3.0,9.0,56-62,4.0,12.5,Kluber,Quintana,Allen,3:08,N,13857.0,.18,-2,
119,"Wednesday, Aug 17",CHW,@,CLE,W,10.0,7.0,9.0,57-62,4.0,11.5,Turner,Allen,Robertson,3:30,N,14371.0,.12,1,
120,"Thursday, Aug 18",CHW,@,CLE,L-wo,4.0,5.0,9.0,57-63,4.0,12.5,Miller,Turner,None,3:00,N,12982.0,.21,-1,
121,"Friday, Aug 19",CHW,Home,OAK,L,0.0,9.0,9.0,57-64,4.0,13.5,Graveman,Shields,None,2:23,N,20011.0,.09,-2,
122,"Saturday, Aug 20",CHW,Home,OAK,W,6.0,2.0,9.0,58-64,4.0,12.5,Sale,Detwiler,Robertson,2:33,N,21178.0,.05,1,
123,"Sunday, Aug 21",CHW,Home,OAK,W,4.0,2.0,9.0,59-64,4.0,12.5,Quintana,Neal,Robertson,2:42,D,23030.0,.07,2,
124,"Tuesday, Aug 23",CHW,Home,PHI,W,9.0,1.0,9.0,60-64,4.0,12.0,Rodon,Thompson,None,2:38,N,18843.0,.08,3,
125,"Wednesday, Aug 24",CHW,Home,PHI,L,3.0,5.0,9.0,60-65,4.0,12.0,Eickhoff,Shields,Gomez,2:44,N,15630.0,.08,-1,
126,"Thursday, Aug 25",CHW,Home,SEA,W-wo,7.0,6.0,9.0,61-65,4.0,11.0,Robertson,Vincent,None,3:06,N,19072.0,.06,1,
127,"Friday, Aug 26",CHW,Home,SEA,L,1.0,3.0,9.0,61-66,4.0,12.0,Hernandez,Sale,Díaz,2:22,N,25651.0,.10,-1,
128,"Saturday, Aug 27",CHW,Home,SEA,W,9.0,3.0,9.0,62-66,4.0,11.0,Quintana,Miranda,None,2:51,N,27318.0,.05,1,
129,"Sunday, Aug 28",CHW,Home,SEA,W,4.0,1.0,9.0,63-66,4.0,10.0,Rodon,Walker,Robertson,2:30,D,25538.0,.08,2,
130,"Monday, Aug 29",CHW,@,DET,L,3.0,4.0,9.0,63-67,4.0,11.0,Wilson,Jones,Rodriguez,3:20,N,27201.0,.14,-1,
131,"Tuesday, Aug 30",CHW,@,DET,L,4.0,8.0,9.0,63-68,4.0,12.0,Rondon,Albers,None,3:13,N,27121.0,.08,-2,
132,"Wednesday, Aug 31",CHW,@,DET,L-wo,2.0,3.0,9.0,63-69,4.0,13.0,Rodriguez,Robertson,None,2:46,D,32465.0,.04,-3,
133,"Thursday, Sep 1",CHW,@,MIN,L,5.0,8.0,9.0,63-70,4.0,13.5,Santana,Quintana,Kintzler,3:13,N,20329.0,.01,-4,
134,"Friday, Sep 2",CHW,@,MIN,W,11.0,4.0,9.0,64-70,4.0,13.5,Rodon,Gibson,None,2:59,N,20806.0,.01,1,
135,"Saturday, Sep 3",CHW,@,MIN,L,3.0,11.0,9.0,64-71,4.0,14.5,Santiago,Shields,None,3:12,N,22274.0,.01,-1,
136,"Sunday, Sep 4",CHW,@,MIN,W,13.0,11.0,12.0,65-71,4.0,14.5,Minaya,Dean,Kahnle,4:46,D,22595.0,.01,1,
137,"Monday, Sep 5",CHW,Home,DET,L,3.0,5.0,11.0,65-72,4.0,14.5,Wilson,Beck,Rodriguez,3:56,D,18653.0,.01,-1,
138,"Tuesday, Sep 6",CHW,Home,DET,W,2.0,0.0,9.0,66-72,4.0,13.5,Gonzalez,Boyd,Robertson,2:54,N,15155.0,.00,1,
139,"Wednesday, Sep 7",CHW,Home,DET,W,7.0,4.0,9.0,67-72,4.0,13.5,Beck,Greene,Robertson,3:18,D,13078.0,.00,2,
140,"Friday, Sep 9",CHW,Home,KCR,W,7.0,2.0,9.0,68-72,4.0,14.0,Rodon,Ventura,None,3:11,N,20653.0,.00,3,
141,"Saturday, Sep 10",CHW,Home,KCR,L,5.0,6.0,9.0,68-73,4.0,14.0,McCarthy,Beck,Davis,3:33,N,20148.0,.00,-1,
142,"Sunday, Sep 11",CHW,Home,KCR,L,0.0,2.0,9.0,68-74,4.0,15.0,Kennedy,Sale,Davis,2:59,D,20107.0,.00,-2,
143,"Monday, Sep 12",CHW,Home,CLE,W,11.0,4.0,9.0,69-74,4.0,14.0,Gonzalez,Carrasco,None,3:30,N,12588.0,.00,1,
144,"Tuesday, Sep 13",CHW,Home,CLE,W,8.0,1.0,9.0,70-74,4.0,13.0,Quintana,Bauer,None,2:37,N,15588.0,.00,2,
145,"Wednesday, Sep 14",CHW,Home,CLE,L,1.0,6.0,9.0,70-75,4.0,14.0,Tomlin,Rodon,None,2:48,N,15808.0,.00,-1,
146,"Thursday, Sep 15",CHW,Home,CLE,W-wo,2.0,1.0,9.0,71-75,4.0,13.0,Robertson,Shaw,None,3:12,D,14190.0,.00,1,
147,"Friday, Sep 16",CHW,@,KCR,W,7.0,4.0,9.0,72-75,4.0,13.0,Sale,Herrera,None,3:00,N,29318.0,.00,2,
148,"Saturday, Sep 17",CHW,@,KCR,L,2.0,3.0,9.0,72-76,4.0,14.0,Gee,Gonzalez,Davis,2:36,N,34805.0,.00,-1,
149,"Sunday, Sep 18",CHW,@,KCR,L,3.0,10.0,9.0,72-77,4.0,14.0,Duffy,Quintana,None,3:04,D,34982.0,.00,-2,
150,"Monday, Sep 19",CHW,@,KCR,L,3.0,8.0,9.0,72-78,4.0,14.5,Ventura,Rodon,None,2:35,D,31502.0,.00,-3,2016-05-26 (Rain)
151,"Tuesday, Sep 20",CHW,@,PHI,L,6.0,7.0,9.0,72-79,4.0,15.5,Thompson,Shields,Mariot,3:20,N,16096.0,.00,-4,
152,"Wednesday, Sep 21",CHW,@,PHI,L,3.0,8.0,9.0,72-80,4.0,16.5,Eickhoff,Sale,None,2:43,N,21703.0,.00,-5,
153,"Friday, Sep 23",CHW,@,CLE,L,4.0,10.0,9.0,72-81,4.0,18.0,Bauer,Gonzalez,None,3:02,N,18937.0,.00,-6,
154,"Saturday, Sep 24",CHW,@,CLE,W,8.0,1.0,9.0,73-81,4.0,17.0,Quintana,Anderson,None,3:28,N,32088.0,.00,1,
155,"Sunday, Sep 25",CHW,@,CLE,W,3.0,0.0,9.0,74-81,4.0,16.0,Rodon,Tomlin,Robertson,2:46,D,24118.0,.00,2,
156,"Monday, Sep 26",CHW,Home,TBR,W,7.0,1.0,9.0,75-81,4.0,16.0,Shields,Smyly,None,3:04,N,13665.0,.00,3,
157,"Tuesday, Sep 27",CHW,Home,TBR,W,13.0,6.0,9.0,76-81,4.0,15.0,Sale,Cobb,None,2:57,N,14798.0,.00,4,
158,"Wednesday, Sep 28",CHW,Home,TBR,W,1.0,0.0,9.0,77-81,4.0,14.0,Gonzalez,Gamboa,Robertson,2:10,N,12976.0,.00,5,
159,"Thursday, Sep 29",CHW,Home,TBR,L,3.0,5.0,9.0,77-82,4.0,14.5,Archer,Quintana,Colome,3:15,N,14792.0,.00,-1,
160,"Friday, Sep 30",CHW,Home,MIN,W,7.0,3.0,9.0,78-82,4.0,14.5,Rodon,Duffey,None,2:56,N,19007.0,.00,1,
161,"Saturday, Oct 1",CHW,Home,MIN,L,0.0,6.0,9.0,78-83,4.0,15.5,Santiago,Shields,None,2:32,N,25730.0,.00,-1,
162,"Sunday, Oct 2",CHW,Home,MIN,L,3.0,6.0,9.0,78-84,4.0,16.5,Berrios,Sale,Kintzler,3:01,D,21904.0,.00,-2,
