,Date,Tm,Home_Away,Opp,W/L,R,RA,Inn,W-L,Rank,GB,Win,Loss,Save,Time,D/N,Attendance,cLI,Streak,Orig. Scheduled
1,"Monday, Apr 3",OAK,Home,LAA,W,4.0,2.0,9.0,1-0,1.0,Tied,Graveman,Nolasco,Casilla,2:56,N,36067.0,1.04,1,
2,"Tuesday, Apr 4",OAK,Home,LAA,L,6.0,7.0,9.0,1-1,2.0,1.0,Bailey,Dull,Bedrosian,3:17,N,11225.0,1.08,-1,
3,"Wednesday, Apr 5",OAK,Home,LAA,L,0.0,5.0,9.0,1-2,3.0,2.0,Ramirez,Cotton,None,3:15,N,13405.0,1.07,-2,
4,"Thursday, Apr 6",OAK,Home,LAA,W,5.0,1.0,9.0,2-2,2.0,1.0,Triggs,Skaggs,None,2:44,D,13292.0,1.04,1,
5,"Friday, Apr 7",OAK,@,TEX,L,5.0,10.0,9.0,2-3,3.0,1.0,Claudio,Alcantara,None,2:56,N,34235.0,1.05,-1,
6,"Saturday, Apr 8",OAK,@,TEX,W,6.0,1.0,9.0,3-3,2.0,1.0,Graveman,Darvish,None,2:59,N,44410.0,1.05,1,
7,"Sunday, Apr 9",OAK,@,TEX,L,1.0,8.0,9.0,3-4,3.0,2.0,Perez,Manaea,None,3:16,D,36905.0,1.05,-1,
8,"Monday, Apr 10",OAK,@,KCR,W,2.0,0.0,9.0,4-4,2.0,1.5,Cotton,Kennedy,Doolittle,2:50,D,40019.0,.95,1,
9,"Wednesday, Apr 12",OAK,@,KCR,W,8.0,3.0,9.0,5-4,3.0,1.0,Triggs,Hammel,None,3:07,N,24380.0,.98,2,
10,"Thursday, Apr 13",OAK,@,KCR,L,1.0,3.0,9.0,5-5,3.0,1.0,Vargas,Hahn,Herrera,2:39,N,22160.0,1.03,-1,
11,"Friday, Apr 14",OAK,Home,HOU,L,2.0,7.0,9.0,5-6,3.0,2.0,Keuchel,Madson,None,3:07,N,15385.0,1.16,-2,
12,"Saturday, Apr 15",OAK,Home,HOU,L,6.0,10.0,9.0,5-7,3.0,3.0,Harris,Casilla,None,3:55,D,20140.0,1.14,-3,
13,"Monday, Apr 17",OAK,Home,TEX,L,0.0,7.0,9.0,5-8,4.0,4.0,Griffin,Cotton,None,2:46,N,10406.0,.99,-4,
14,"Tuesday, Apr 18",OAK,Home,TEX,W,4.0,2.0,9.0,6-8,3.0,3.0,Triggs,Darvish,Casilla,2:48,N,12091.0,.92,1,
15,"Wednesday, Apr 19",OAK,Home,TEX,W,9.0,1.0,9.0,7-8,2.0,3.0,Hahn,Perez,None,2:47,D,14031.0,.97,2,
16,"Thursday, Apr 20",OAK,Home,SEA,W,9.0,6.0,9.0,8-8,2.0,3.0,Dull,Scribner,None,3:09,N,10707.0,1.05,3,
17,"Friday, Apr 21",OAK,Home,SEA,W,3.0,1.0,9.0,9-8,2.0,3.0,Manaea,Iwakuma,Casilla,2:51,N,15255.0,1.08,4,
18,"Saturday, Apr 22",OAK,Home,SEA,W,4.0,3.0,9.0,10-8,2.0,2.0,Cotton,Miranda,Madson,3:07,D,20722.0,1.10,5,
19,"Sunday, Apr 23",OAK,Home,SEA,L,1.0,11.0,9.0,10-9,2.0,3.0,Gallardo,Triggs,None,3:11,D,24165.0,1.13,-1,
20,"Tuesday, Apr 25",OAK,@,LAA,L-wo,1.0,2.0,11.0,10-10,2.0,4.0,Pounders,Madson,None,3:12,N,30124.0,1.10,-2,
21,"Wednesday, Apr 26",OAK,@,LAA,L,5.0,8.0,9.0,10-11,2.0,4.0,Shoemaker,Manaea,Norris,3:30,N,30248.0,1.08,-3,
22,"Thursday, Apr 27",OAK,@,LAA,L,1.0,2.0,9.0,10-12,3.0,4.0,Nolasco,Graveman,Norris,2:30,N,37603.0,1.01,-4,
23,"Friday, Apr 28",OAK,@,HOU,L,4.0,9.0,9.0,10-13,4.0,5.0,Morton,Cotton,None,2:58,N,28472.0,1.03,-5,
24,"Saturday, Apr 29",OAK,@,HOU,W,2.0,1.0,9.0,11-13,3.0,4.0,Triggs,Musgrove,Casilla,2:49,N,32147.0,.99,1,
25,"Sunday, Apr 30",OAK,@,HOU,L,2.0,7.0,9.0,11-14,3.0,5.0,Keuchel,Hahn,Giles,2:58,D,34880.0,1.07,-1,
26,"Tuesday, May 2",OAK,@,MIN,L,1.0,9.0,9.0,11-15,3.0,6.5,Santana,Gray,None,2:48,N,18930.0,.83,-2,
27,"Wednesday, May 3",OAK,@,MIN,L,4.0,7.0,9.0,11-16,4.0,7.5,Santiago,Graveman,None,3:17,N,18658.0,.74,-3,
28,"Thursday, May 4",OAK,@,MIN,W,8.0,5.0,9.0,12-16,4.0,6.5,Cotton,Gibson,Casilla,3:48,D,19247.0,.71,1,
29,"Friday, May 5",OAK,Home,DET,L,2.0,7.0,9.0,12-17,5.0,7.5,Fulmer,Triggs,None,2:54,N,17519.0,.75,-1,
30,"Saturday, May 6",OAK,Home,DET,W-wo,6.0,5.0,9.0,13-17,4.0,6.5,Montas,Rodriguez,None,3:28,N,16651.0,.71,1,
31,"Sunday, May 7",OAK,Home,DET,W-wo,8.0,6.0,9.0,14-17,4.0,6.5,Casilla,Rodriguez,None,3:41,D,23227.0,.73,2,
32,"Monday, May 8",OAK,Home,LAA,W-wo,3.0,2.0,11.0,15-17,2.0,6.0,Hendriks,Guerra,None,3:06,N,10292.0,.86,3,
33,"Tuesday, May 9",OAK,Home,LAA,L,3.0,7.0,9.0,15-18,4.0,7.0,Meyer,Cotton,Norris,3:07,N,11383.0,.93,-1,
34,"Wednesday, May 10",OAK,Home,LAA,W,3.0,1.0,9.0,16-18,3.0,7.0,Triggs,Chavez,Casilla,2:55,D,11061.0,.82,1,
35,"Friday, May 12",OAK,@,TEX,L-wo,2.0,5.0,9.0,16-19,4.0,8.5,Kela,Casilla,None,2:58,N,35625.0,.84,-1,
36,"Saturday, May 13",OAK,@,TEX,L,5.0,6.0,9.0,16-20,5.0,9.0,Barnette,Dull,Bush,3:26,N,37898.0,.76,-2,
37,"Sunday, May 14",OAK,@,TEX,L,4.0,6.0,9.0,16-21,5.0,9.5,Alvarez,Madson,Bush,2:51,D,35157.0,.71,-3,
38,"Monday, May 15",OAK,@,SEA,L,5.0,6.0,9.0,16-22,5.0,10.5,Gallardo,Manaea,Zych,3:14,N,15431.0,.66,-4,
39,"Tuesday, May 16",OAK,@,SEA,W,9.0,6.0,9.0,17-22,5.0,10.5,Madson,Cishek,None,3:25,N,13955.0,.56,1,
40,"Wednesday, May 17",OAK,@,SEA,L,0.0,4.0,9.0,17-23,5.0,11.5,Bergman,Hahn,None,2:39,N,14117.0,.61,-1,
41,"Thursday, May 18",OAK,Home,BOS,W,8.0,3.0,9.0,18-23,5.0,11.0,Gray,Velazquez,None,3:09,N,12016.0,.49,1,
42,"Friday, May 19",OAK,Home,BOS,W-wo,3.0,2.0,10.0,19-23,5.0,10.0,Dull,Hembree,None,3:12,N,24728.0,.55,2,
43,"Saturday, May 20",OAK,Home,BOS,W,8.0,3.0,9.0,20-23,4.0,9.0,Manaea,Taylor,None,3:22,D,20235.0,.63,3,
44,"Sunday, May 21",OAK,Home,BOS,L,3.0,12.0,9.0,20-24,4.0,9.0,Rodriguez,Triggs,None,3:11,D,20691.0,.69,-1,
45,"Tuesday, May 23",OAK,Home,MIA,L,9.0,11.0,9.0,20-25,4.0,10.5,Urena,Hahn,None,3:46,N,12835.0,.58,-2,
46,"Wednesday, May 24",OAK,Home,MIA,W,4.0,1.0,9.0,21-25,4.0,9.5,Gray,Volquez,Casilla,2:38,D,19738.0,.53,1,
47,"Friday, May 26",OAK,@,NYY,W,4.0,1.0,9.0,22-25,4.0,10.0,Manaea,Tanaka,None,3:09,N,39044.0,.63,2,
48,"Saturday, May 27",OAK,@,NYY,L,2.0,3.0,9.0,22-26,4.0,11.0,Sabathia,Cotton,Betances,3:14,D,40218.0,.70,-1,
49,"Sunday, May 28",OAK,@,NYY,L,5.0,9.0,9.0,22-27,4.0,12.0,Pineda,Triggs,Warren,3:09,D,45232.0,.63,-2,
50,"Monday, May 29",OAK,@,CLE,L,3.0,5.0,9.0,22-28,4.0,13.0,Carrasco,Mengden,Allen,2:50,D,20792.0,.54,-3,
51,"Tuesday, May 30",OAK,@,CLE,L,4.0,9.0,9.0,22-29,5.0,14.0,Bauer,Gray,None,2:58,N,14184.0,.48,-4,
52,"Wednesday, May 31",OAK,@,CLE,W,3.0,1.0,9.0,23-29,5.0,14.0,Manaea,Clevinger,Casilla,2:30,N,16784.0,.42,1,
53,"Thursday, Jun 1",OAK,@,CLE,L,0.0,8.0,9.0,23-30,5.0,14.5,Kluber,Cotton,None,2:56,D,19767.0,.45,-1,
54,"Friday, Jun 2",OAK,Home,WSN,L,3.0,13.0,9.0,23-31,5.0,15.5,Strasburg,Triggs,None,3:15,N,20813.0,.38,-2,
55,"Saturday, Jun 3",OAK,Home,WSN,W,10.0,4.0,9.0,24-31,5.0,15.5,Hendriks,Ross,None,3:33,D,23921.0,.33,1,
56,"Sunday, Jun 4",OAK,Home,WSN,L,10.0,11.0,9.0,24-32,5.0,16.5,Roark,Madson,Kelley,3:12,D,21265.0,.37,-1,
57,"Monday, Jun 5",OAK,Home,TOR,W,5.0,3.0,9.0,25-32,5.0,16.5,Manaea,Happ,Casilla,3:05,N,12890.0,.34,1,
58,"Tuesday, Jun 6",OAK,Home,TOR,W,4.0,1.0,9.0,26-32,5.0,15.5,Hahn,Estrada,Casilla,2:45,N,16643.0,.36,2,
59,"Wednesday, Jun 7",OAK,Home,TOR,L,5.0,7.0,10.0,26-33,5.0,15.5,Tepera,Montas,Osuna,3:20,D,15076.0,.41,-1,
60,"Friday, Jun 9",OAK,@,TBR,L,4.0,13.0,9.0,26-34,5.0,16.0,Cobb,Triggs,None,3:16,N,13153.0,.37,-2,
61,"Saturday, Jun 10 (1)",OAK,@,TBR,L-wo,5.0,6.0,10.0,26-35,5.0,16.5,Pruitt,Hendriks,None,3:56,D,,.31,-3,
62,"Saturday, Jun 10 (2)",OAK,@,TBR,W,7.0,2.0,9.0,27-35,5.0,16.5,Manaea,Hu,None,3:06,N,17775.0,.26,1,
63,"Sunday, Jun 11",OAK,@,TBR,L,4.0,5.0,9.0,27-36,5.0,16.5,Whitley,Coulombe,Colome,3:26,D,13640.0,.31,-1,
64,"Tuesday, Jun 13",OAK,@,MIA,L,1.0,8.0,9.0,27-37,5.0,16.0,Urena,Cotton,None,2:57,N,19953.0,.26,-2,
65,"Wednesday, Jun 14",OAK,@,MIA,L,6.0,11.0,9.0,27-38,5.0,17.0,Barraclough,Gossett,None,3:31,D,19436.0,.23,-3,
66,"Thursday, Jun 15",OAK,Home,NYY,W-wo,8.0,7.0,10.0,28-38,5.0,16.5,Hendriks,Gallegos,None,4:29,N,21838.0,.19,1,
67,"Friday, Jun 16",OAK,Home,NYY,W,7.0,6.0,9.0,29-38,5.0,15.5,Coulombe,Holder,Casilla,3:13,N,30184.0,.24,2,
68,"Saturday, Jun 17",OAK,Home,NYY,W,5.0,2.0,9.0,30-38,5.0,15.5,Hahn,Tanaka,Doolittle,3:17,D,31418.0,.29,3,
69,"Sunday, Jun 18",OAK,Home,NYY,W,4.0,3.0,9.0,31-38,5.0,14.5,Cotton,Cessa,Doolittle,2:55,D,34140.0,.33,4,
70,"Monday, Jun 19",OAK,Home,HOU,L,1.0,4.0,9.0,31-39,5.0,15.5,Peacock,Gossett,Giles,2:56,N,10482.0,.41,-1,
71,"Tuesday, Jun 20",OAK,Home,HOU,L,4.0,8.0,9.0,31-40,5.0,16.5,Martes,Gray,None,3:28,N,15362.0,.33,-2,
72,"Wednesday, Jun 21",OAK,Home,HOU,L,1.0,5.0,9.0,31-41,5.0,17.5,Fiers,Manaea,None,3:06,N,12277.0,.26,-3,
73,"Thursday, Jun 22",OAK,Home,HOU,L,9.0,12.0,9.0,31-42,5.0,18.5,Paulino,Hahn,Devenski,3:24,D,18747.0,.20,-4,
74,"Friday, Jun 23",OAK,@,CHW,W,3.0,0.0,9.0,32-42,5.0,17.5,Cotton,Pelfrey,Casilla,2:59,N,25370.0,.16,1,
75,"Saturday, Jun 24",OAK,@,CHW,W,10.0,2.0,9.0,33-42,5.0,17.5,Gossett,Shields,None,3:22,D,38618.0,.19,2,
76,"Sunday, Jun 25",OAK,@,CHW,W,5.0,3.0,9.0,34-42,5.0,17.5,Gray,Kahnle,Casilla,3:33,D,28089.0,.21,3,
77,"Tuesday, Jun 27",OAK,@,HOU,W,6.0,4.0,9.0,35-42,5.0,16.5,Manaea,Fiers,Casilla,3:30,N,28312.0,.25,4,
78,"Wednesday, Jun 28",OAK,@,HOU,L,8.0,11.0,9.0,35-43,5.0,17.5,Feliz,Hahn,Giles,3:27,N,34075.0,.34,-1,
79,"Thursday, Jun 29",OAK,@,HOU,L,1.0,6.0,9.0,35-44,5.0,18.5,Peacock,Gossett,None,3:08,D,29509.0,.27,-2,
80,"Friday, Jun 30",OAK,Home,ATL,L,1.0,3.0,9.0,35-45,5.0,18.5,Foltynewicz,Gray,Johnson,2:45,N,19286.0,.22,-3,
81,"Saturday, Jul 1",OAK,Home,ATL,L,3.0,4.0,9.0,35-46,5.0,19.5,Freeman,Casilla,Johnson,3:16,D,22230.0,.17,-4,
82,"Sunday, Jul 2",OAK,Home,ATL,L,3.0,4.0,12.0,35-47,5.0,20.5,Johnson,Axford,Vizcaino,4:11,D,18438.0,.15,-5,
83,"Monday, Jul 3",OAK,Home,CHW,L,2.0,7.0,9.0,35-48,5.0,21.0,Rodon,Cotton,None,3:33,N,40019.0,.12,-6,
84,"Tuesday, Jul 4",OAK,Home,CHW,W-wo,7.0,6.0,9.0,36-48,5.0,21.0,Casilla,Kahnle,None,3:09,D,16314.0,.10,1,
85,"Wednesday, Jul 5",OAK,Home,CHW,W,7.0,4.0,9.0,37-48,5.0,21.0,Gray,Pelfrey,None,3:24,D,13813.0,.12,2,
86,"Thursday, Jul 6",OAK,@,SEA,W,7.0,4.0,9.0,38-48,5.0,20.0,Blackburn,Gaviglio,None,2:56,N,18368.0,.16,3,
87,"Friday, Jul 7",OAK,@,SEA,L,2.0,7.0,9.0,38-49,5.0,21.0,Paxton,Manaea,None,2:39,N,22213.0,.19,-1,
88,"Saturday, Jul 8",OAK,@,SEA,W,4.0,3.0,9.0,39-49,5.0,20.0,Doolittle,Díaz,Casilla,2:54,N,28694.0,.15,1,
89,"Sunday, Jul 9",OAK,@,SEA,L,0.0,4.0,9.0,39-50,5.0,21.0,Hernandez,Gossett,None,2:39,D,32661.0,.18,-1,
90,"Friday, Jul 14",OAK,Home,CLE,W,5.0,0.0,9.0,40-50,5.0,21.0,Gray,Carrasco,None,2:48,N,19870.0,.18,1,
91,"Saturday, Jul 15",OAK,Home,CLE,W-wo,5.0,3.0,9.0,41-50,5.0,20.0,Madson,Miller,None,2:35,N,33021.0,.20,2,
92,"Sunday, Jul 16",OAK,Home,CLE,W,7.0,3.0,9.0,42-50,5.0,20.0,Manaea,Bauer,None,3:08,D,25509.0,.23,3,
93,"Monday, Jul 17",OAK,Home,TBR,L,2.0,3.0,9.0,42-51,5.0,20.0,Odorizzi,Gossett,Colome,2:48,N,9736.0,.29,-1,
94,"Tuesday, Jul 18",OAK,Home,TBR,L,3.0,4.0,9.0,42-52,5.0,21.0,Kolarek,Casilla,Colome,2:50,N,15231.0,.23,-2,
95,"Wednesday, Jul 19",OAK,Home,TBR,W,7.0,2.0,9.0,43-52,5.0,20.0,Gray,Faria,None,3:08,D,17019.0,.18,1,
96,"Friday, Jul 21",OAK,@,NYM,L,5.0,7.0,9.0,43-53,5.0,21.0,Robles,Blackburn,Blevins,3:14,N,26969.0,.20,-1,
97,"Saturday, Jul 22",OAK,@,NYM,L-wo,5.0,6.0,9.0,43-54,5.0,22.0,Robles,Castro,None,3:07,N,39629.0,.17,-2,
98,"Sunday, Jul 23",OAK,@,NYM,W,3.0,2.0,9.0,44-54,5.0,21.0,Gossett,Montero,Casilla,2:41,D,29037.0,.14,1,
99,"Monday, Jul 24",OAK,@,TOR,L,2.0,4.0,9.0,44-55,5.0,22.0,Liriano,Smith,Osuna,2:37,N,39613.0,.19,-1,
100,"Tuesday, Jul 25",OAK,@,TOR,L,1.0,4.0,9.0,44-56,5.0,23.0,Valdez,Gray,Osuna,2:55,N,40624.0,.15,-2,
101,"Wednesday, Jul 26",OAK,@,TOR,L-wo,2.0,3.0,9.0,44-57,5.0,23.0,Biagini,Casilla,None,2:51,N,41984.0,.11,-3,
102,"Thursday, Jul 27",OAK,@,TOR,L-wo,4.0,8.0,10.0,44-58,5.0,23.5,Osuna,Hendriks,None,3:28,D,47484.0,.08,-4,
103,"Friday, Jul 28",OAK,Home,MIN,L,3.0,6.0,9.0,44-59,5.0,24.5,Garcia,Gossett,Kintzler,3:19,N,17727.0,.06,-5,
104,"Saturday, Jul 29",OAK,Home,MIN,W-wo,5.0,4.0,9.0,45-59,5.0,23.5,Coulombe,Rogers,None,3:22,N,27047.0,.04,1,
105,"Sunday, Jul 30",OAK,Home,MIN,W-wo,6.0,5.0,12.0,46-59,5.0,22.5,Smith,Duffey,None,4:06,D,16790.0,.05,2,
106,"Monday, Jul 31",OAK,Home,SFG,W,8.0,5.0,9.0,47-59,5.0,22.5,Blackburn,Osich,Treinen,3:26,N,38391.0,.06,3,
107,"Tuesday, Aug 1",OAK,Home,SFG,L,4.0,10.0,9.0,47-60,5.0,22.5,Samardzija,Manaea,None,2:41,N,38871.0,.07,-1,
108,"Wednesday, Aug 2",OAK,@,SFG,W,6.0,1.0,9.0,48-60,5.0,21.5,Gossett,Moore,None,2:48,N,40635.0,.05,1,
109,"Thursday, Aug 3",OAK,@,SFG,L,2.0,11.0,9.0,48-61,5.0,21.5,Blach,Graveman,None,2:28,N,39883.0,.08,-1,
110,"Friday, Aug 4",OAK,@,LAA,L,6.0,8.0,9.0,48-62,5.0,22.5,Chavez,Coulombe,Norris,3:31,N,43330.0,.05,-2,
111,"Saturday, Aug 5",OAK,@,LAA,W,5.0,0.0,9.0,49-62,5.0,21.5,Blackburn,Skaggs,None,3:24,N,39180.0,.04,1,
112,"Sunday, Aug 6",OAK,@,LAA,W,11.0,10.0,9.0,50-62,5.0,21.5,Smith,Norris,Treinen,4:12,D,38278.0,.05,2,
113,"Tuesday, Aug 8",OAK,Home,SEA,L,6.0,7.0,10.0,50-63,5.0,21.5,Rzepczynski,Smith,Díaz,3:20,N,12354.0,.07,-1,
114,"Wednesday, Aug 9",OAK,Home,SEA,L,3.0,6.0,9.0,50-64,5.0,21.5,Pagan,Cotton,Díaz,2:58,D,14989.0,.05,-2,
115,"Thursday, Aug 10",OAK,Home,BAL,L,2.0,7.0,9.0,50-65,5.0,21.5,Miley,Smith,Britton,3:09,N,11386.0,.03,-3,
116,"Friday, Aug 11",OAK,Home,BAL,W,5.0,4.0,9.0,51-65,5.0,20.5,Casilla,Brach,Treinen,2:48,N,14330.0,.02,1,
117,"Saturday, Aug 12",OAK,Home,BAL,L,5.0,12.0,9.0,51-66,5.0,20.5,Bundy,Manaea,None,3:20,N,29742.0,.03,-1,
118,"Sunday, Aug 13",OAK,Home,BAL,W,9.0,3.0,9.0,52-66,5.0,20.5,Graveman,Hellickson,None,2:33,D,18912.0,.02,1,
119,"Monday, Aug 14",OAK,Home,KCR,L,2.0,6.0,9.0,52-67,5.0,20.5,Junis,Cotton,None,2:40,N,9848.0,.02,-1,
120,"Tuesday, Aug 15",OAK,Home,KCR,W,10.0,8.0,9.0,53-67,5.0,20.5,Treinen,Minor,None,3:16,N,13875.0,.01,1,
121,"Wednesday, Aug 16",OAK,Home,KCR,L,6.0,7.0,9.0,53-68,5.0,21.5,Maurer,Treinen,Herrera,3:37,D,15239.0,.01,-1,
122,"Friday, Aug 18",OAK,@,HOU,L,1.0,3.0,9.0,53-69,5.0,22.0,Keuchel,Manaea,Giles,2:47,N,30908.0,.01,-2,
123,"Saturday, Aug 19",OAK,@,HOU,L,0.0,3.0,9.0,53-70,5.0,23.0,McHugh,Graveman,Clippard,2:47,N,32796.0,.01,-3,
124,"Sunday, Aug 20",OAK,@,HOU,W,3.0,2.0,9.0,54-70,5.0,22.0,Cotton,Peacock,Treinen,3:17,D,34011.0,.00,1,
125,"Monday, Aug 21",OAK,@,BAL,L,3.0,7.0,9.0,54-71,5.0,22.5,Miley,Smith,Britton,3:12,N,16020.0,.00,-1,
126,"Tuesday, Aug 22",OAK,@,BAL,W,6.0,4.0,9.0,55-71,5.0,21.5,Castro,Jimenez,Treinen,3:16,N,18493.0,.00,1,
127,"Wednesday, Aug 23",OAK,@,BAL,L-wo,7.0,8.0,12.0,55-72,5.0,22.5,Castro,Castro,None,4:20,D,20072.0,.00,-1,
128,"Friday, Aug 25",OAK,Home,TEX,W,3.0,1.0,9.0,56-72,5.0,22.0,Graveman,Martinez,Treinen,2:26,N,14499.0,.00,1,
129,"Saturday, Aug 26",OAK,Home,TEX,W,8.0,3.0,9.0,57-72,5.0,21.0,Manaea,Hamels,None,3:21,D,22471.0,.00,2,
130,"Sunday, Aug 27",OAK,Home,TEX,W,8.0,3.0,9.0,58-72,5.0,21.0,Cotton,Griffin,Treinen,3:20,D,16335.0,.00,3,
131,"Monday, Aug 28",OAK,@,LAA,L,1.0,3.0,9.0,58-73,5.0,21.5,Heaney,Gossett,Parker,2:53,N,33719.0,.01,-1,
132,"Tuesday, Aug 29",OAK,@,LAA,L,2.0,8.0,9.0,58-74,5.0,21.5,Chavez,Smith,None,2:53,N,36229.0,.00,-2,
133,"Wednesday, Aug 30",OAK,@,LAA,L,8.0,10.0,9.0,58-75,5.0,21.5,Bedrosian,Hatcher,Parker,3:34,N,36022.0,.00,-3,
134,"Friday, Sep 1",OAK,@,SEA,L,2.0,3.0,9.0,58-76,5.0,22.5,Leake,Manaea,Díaz,2:32,N,19030.0,.00,-4,
135,"Saturday, Sep 2",OAK,@,SEA,L-wo,6.0,7.0,9.0,58-77,5.0,24.0,Díaz,Treinen,None,3:37,N,22245.0,.00,-5,
136,"Sunday, Sep 3",OAK,@,SEA,L,2.0,10.0,9.0,58-78,5.0,25.0,Albers,Gossett,None,3:21,D,26898.0,.00,-6,
137,"Monday, Sep 4",OAK,Home,LAA,L,9.0,11.0,11.0,58-79,5.0,26.0,Salas,Treinen,Middleton,4:38,D,14571.0,.00,-7,
138,"Tuesday, Sep 5",OAK,Home,LAA,L,7.0,8.0,10.0,58-80,5.0,27.0,Bedrosian,Treinen,Paredes,4:12,N,11110.0,.00,-8,
139,"Wednesday, Sep 6",OAK,Home,LAA,W,3.0,1.0,9.0,59-80,5.0,27.0,Manaea,Skaggs,Hatcher,3:10,D,10544.0,.00,1,
140,"Friday, Sep 8",OAK,Home,HOU,W-wo,9.0,8.0,9.0,60-80,5.0,26.0,Treinen,Giles,None,3:06,N,12288.0,.00,2,
141,"Saturday, Sep 9 (1)",OAK,Home,HOU,W,11.0,1.0,9.0,61-80,5.0,24.0,Gossett,Morton,None,3:42,D,,.00,3,2017-04-16 (Rain)
142,"Saturday, Sep 9 (2)",OAK,Home,HOU,W,11.0,4.0,9.0,62-80,5.0,24.0,Hatcher,Devenski,None,2:48,N,19244.0,.00,4,
143,"Sunday, Sep 10",OAK,Home,HOU,W,10.0,2.0,9.0,63-80,5.0,23.0,Graveman,Keuchel,None,3:48,D,15892.0,.00,5,
144,"Tuesday, Sep 12",OAK,@,BOS,L,1.0,11.0,9.0,63-81,5.0,24.0,Rodriguez,Manaea,None,3:06,N,34355.0,.00,-1,
145,"Wednesday, Sep 13",OAK,@,BOS,W,7.0,3.0,9.0,64-81,5.0,23.0,Cotton,Fister,None,3:07,N,36366.0,.00,1,
146,"Thursday, Sep 14",OAK,@,BOS,L,2.0,6.0,9.0,64-82,5.0,24.0,Pomeranz,Gossett,None,3:19,D,35470.0,.00,-1,
147,"Friday, Sep 15",OAK,@,PHI,W,4.0,0.0,9.0,65-82,5.0,24.0,Mengden,Leiter,None,2:43,N,24061.0,.00,1,
148,"Saturday, Sep 16",OAK,@,PHI,L,3.0,5.0,9.0,65-83,5.0,25.0,Arano,Castro,Neris,2:56,N,24290.0,.00,-1,
149,"Sunday, Sep 17",OAK,@,PHI,W,6.0,3.0,9.0,66-83,5.0,25.0,Manaea,Alvarez,Treinen,3:09,D,28054.0,.00,1,
150,"Monday, Sep 18",OAK,@,DET,W,8.0,3.0,9.0,67-83,5.0,24.5,Hendriks,Farmer,None,3:39,N,23895.0,.00,2,
151,"Tuesday, Sep 19",OAK,@,DET,W,9.0,8.0,9.0,68-83,5.0,24.5,Casilla,Wilson,Treinen,3:58,N,23460.0,.00,3,
152,"Wednesday, Sep 20",OAK,@,DET,W,3.0,2.0,9.0,69-83,5.0,24.5,Mengden,Sanchez,Hendriks,3:07,D,26913.0,.00,4,
153,"Friday, Sep 22",OAK,Home,TEX,W,4.0,1.0,9.0,70-83,5.0,24.0,Graveman,Martinez,Treinen,2:37,N,13848.0,.00,5,
154,"Saturday, Sep 23",OAK,Home,TEX,W,1.0,0.0,9.0,71-83,5.0,24.0,Alcantara,Gonzalez,Treinen,2:38,N,38034.0,.00,6,
155,"Sunday, Sep 24",OAK,Home,TEX,W,8.0,1.0,9.0,72-83,5.0,23.0,Cotton,Perez,None,2:45,D,18601.0,.00,7,
156,"Monday, Sep 25",OAK,Home,SEA,L,1.0,7.0,9.0,72-84,5.0,24.0,Hernandez,Gossett,Albers,2:22,N,9329.0,.00,-1,
157,"Tuesday, Sep 26",OAK,Home,SEA,L,3.0,6.0,9.0,72-85,5.0,25.0,Pagan,Mengden,Díaz,2:45,N,13513.0,.00,-2,
158,"Wednesday, Sep 27",OAK,Home,SEA,W-wo,6.0,5.0,9.0,73-85,5.0,25.0,Treinen,Simmons,None,2:50,D,13132.0,.00,1,
159,"Thursday, Sep 28",OAK,@,TEX,W,4.0,1.0,9.0,74-85,5.0,25.0,Manaea,Gonzalez,Treinen,2:50,N,41664.0,.00,2,
160,"Friday, Sep 29",OAK,@,TEX,L,3.0,5.0,9.0,74-86,5.0,26.0,Perez,Alcantara,Claudio,2:54,N,28459.0,.00,-1,
161,"Saturday, Sep 30",OAK,@,TEX,L,4.0,8.0,9.0,74-87,5.0,26.0,Cashner,Gossett,None,3:14,N,32759.0,.00,-2,
162,"Sunday, Oct 1",OAK,@,TEX,W,5.0,2.0,9.0,75-87,5.0,26.0,Mengden,Hamels,Treinen,2:37,D,33961.0,.00,1,
