,Date,Tm,Home_Away,Opp,W/L,R,RA,Inn,W-L,Rank,GB,Win,Loss,Save,Time,D/N,Attendance,cLI,Streak,Orig. Scheduled
1,"Thursday, Apr 1",NYY,Home,TOR,L,2.0,3.0,10.0,0-1,5.0,1.0,Romano,Nelson,Merryweather,3:44,D,10850.0,1.09,-1,
2,"Saturday, Apr 3",NYY,Home,TOR,W,5.0,3.0,9.0,1-1,3.0,1.0,Loaisiga,Stripling,Green,3:38,D,10107.0,.97,1,
3,"Sunday, Apr 4",NYY,Home,TOR,L,1.0,3.0,9.0,1-2,4.0,2.0,Borucki,German,Merryweather,2:41,D,10066.0,1.02,-1,
4,"Monday, Apr 5",NYY,Home,BAL,W,7.0,0.0,9.0,2-2,3.0,1.0,Montgomery,Lopez,None,2:58,N,9008.0,1.04,1,
5,"Tuesday, Apr 6",NYY,Home,BAL,W,7.0,2.0,9.0,3-2,1.0,Tied,Cole,Kremer,None,2:58,N,9404.0,1.03,2,
6,"Wednesday, Apr 7",NYY,Home,BAL,L,3.0,4.0,11.0,3-3,2.0,1.0,Valdez,Green,Fry,3:54,N,10254.0,1.10,-1,
7,"Friday, Apr 9",NYY,@,TBR,L,5.0,10.0,9.0,3-4,3.0,1.0,Hill,Kluber,None,2:53,D,9021.0,1.07,-2,
8,"Saturday, Apr 10",NYY,@,TBR,L,0.0,4.0,9.0,3-5,5.0,2.0,Kittredge,German,None,3:04,D,6270.0,.99,-3,
9,"Sunday, Apr 11",NYY,@,TBR,W,8.0,4.0,10.0,4-5,2.0,2.0,Chapman,McHugh,None,3:42,D,6965.0,.95,1,
10,"Monday, Apr 12",NYY,@,TOR,W,3.0,1.0,9.0,5-5,2.0,1.5,Cole,Ray,Chapman,3:04,N,1576.0,1.05,2,
11,"Tuesday, Apr 13",NYY,@,TOR,L,3.0,7.0,9.0,5-6,2.0,2.5,Ryu,Taillon,None,3:04,N,1550.0,1.04,-1,
12,"Wednesday, Apr 14",NYY,@,TOR,L-wo,4.0,5.0,9.0,5-7,4.0,4.0,Dolis,Green,None,2:54,D,1613.0,1.03,-2,
13,"Friday, Apr 16",NYY,Home,TBR,L,2.0,8.0,9.0,5-8,5.0,4.0,Wacha,Nelson,None,3:22,N,10202.0,.98,-3,
14,"Saturday, Apr 17",NYY,Home,TBR,L,3.0,6.0,9.0,5-9,5.0,5.0,Glasnow,Montgomery,Castillo,3:28,D,10583.0,.90,-4,
15,"Sunday, Apr 18",NYY,Home,TBR,L,2.0,4.0,9.0,5-10,5.0,4.5,Yarbrough,Cole,Springs,2:56,D,10606.0,.82,-5,
16,"Tuesday, Apr 20",NYY,Home,ATL,W,3.0,1.0,9.0,6-10,5.0,5.0,Loaisiga,Matzek,Chapman,3:06,N,10017.0,.66,1,
17,"Wednesday, Apr 21",NYY,Home,ATL,L,1.0,4.0,9.0,6-11,5.0,5.0,Anderson,Kluber,None,3:16,N,9634.0,.69,-1,
18,"Thursday, Apr 22",NYY,@,CLE,W,6.0,3.0,9.0,7-11,5.0,4.0,German,Wittgren,Chapman,3:31,N,6380.0,.68,1,
19,"Friday, Apr 23",NYY,@,CLE,W,5.0,3.0,9.0,8-11,4.0,4.0,Luetge,Allen,Chapman,3:17,N,8662.0,.75,2,
20,"Saturday, Apr 24",NYY,@,CLE,W,2.0,1.0,9.0,9-11,3.0,3.0,Cole,Bieber,Loaisiga,3:05,N,8817.0,.85,3,
21,"Sunday, Apr 25",NYY,@,CLE,L,3.0,7.0,9.0,9-12,4.0,4.0,Hentges,Taillon,None,3:07,D,8766.0,.91,-1,
22,"Monday, Apr 26",NYY,@,BAL,L,2.0,4.0,9.0,9-13,5.0,4.5,Harvey,Garcia,Valdez,2:41,N,6367.0,.94,-2,
23,"Tuesday, Apr 27",NYY,@,BAL,W,5.0,1.0,9.0,10-13,4.0,4.5,Kluber,Zimmermann,None,2:53,N,6662.0,.89,1,
24,"Wednesday, Apr 28",NYY,@,BAL,W,7.0,0.0,9.0,11-13,4.0,4.5,German,Kremer,None,2:33,N,7338.0,.88,2,
25,"Thursday, Apr 29",NYY,@,BAL,L-wo,3.0,4.0,10.0,11-14,4.0,4.5,Scott,Loaisiga,None,3:30,D,7738.0,.96,-1,
26,"Friday, Apr 30",NYY,Home,DET,W,10.0,0.0,9.0,12-14,4.0,4.5,Cole,Skubal,None,3:03,N,9523.0,.86,1,
27,"Saturday, May 1",NYY,Home,DET,W,6.0,4.0,9.0,13-14,3.0,3.5,Taillon,Turnbull,Chapman,3:25,D,10015.0,.84,2,
28,"Sunday, May 2",NYY,Home,DET,W,2.0,0.0,9.0,14-14,3.0,2.5,Kluber,Urena,Chapman,2:14,D,10021.0,.92,3,
29,"Tuesday, May 4",NYY,Home,HOU,W,7.0,3.0,9.0,15-14,2.0,2.5,Luetge,Bielak,None,3:27,N,10850.0,1.02,4,
30,"Wednesday, May 5",NYY,Home,HOU,W,6.0,3.0,9.0,16-14,2.0,1.5,Loaisiga,Raley,Chapman,3:35,N,9895.0,1.04,5,
31,"Thursday, May 6",NYY,Home,HOU,L,4.0,7.0,9.0,16-15,4.0,2.5,Scrubb,Green,Pressly,3:14,D,10042.0,1.10,-1,
32,"Friday, May 7",NYY,Home,WSN,L,4.0,11.0,9.0,16-16,4.0,3.5,Finnegan,Loaisiga,None,3:01,N,10010.0,.97,-2,
33,"Saturday, May 8",NYY,Home,WSN,W-wo,4.0,3.0,11.0,17-16,3.0,3.5,Wilson,Rainey,None,3:50,D,10850.0,.89,1,
34,"Sunday, May 9",NYY,Home,WSN,W-wo,3.0,2.0,9.0,18-16,2.0,3.5,Chapman,Hand,None,3:04,D,10092.0,.94,2,
35,"Tuesday, May 11",NYY,@,TBR,W,3.0,1.0,9.0,19-16,2.0,2.0,Montgomery,Patino,Chapman,2:50,N,5441.0,1.19,3,
36,"Wednesday, May 12",NYY,@,TBR,W,1.0,0.0,9.0,20-16,2.0,1.0,Cole,Thompson,Chapman,2:36,N,5668.0,1.27,4,
37,"Thursday, May 13",NYY,@,TBR,L,1.0,9.0,9.0,20-17,3.0,2.0,Hill,Taillon,None,3:05,N,6229.0,1.29,-1,
38,"Friday, May 14",NYY,@,BAL,W,5.0,4.0,9.0,21-17,2.0,2.0,Kluber,Lakins,Loaisiga,2:55,N,10809.0,1.15,1,
39,"Saturday, May 15",NYY,@,BAL,W,8.0,2.0,9.0,22-17,2.0,2.0,German,Lopez,None,3:03,N,10767.0,1.18,2,
40,"Sunday, May 16",NYY,@,BAL,L,6.0,10.0,9.0,22-18,3.0,2.0,Zimmermann,King,None,3:13,D,11070.0,1.21,-1,
41,"Monday, May 17",NYY,@,TEX,L,2.0,5.0,9.0,22-19,4.0,2.5,Lyles,Cole,Kennedy,2:38,N,28040.0,1.13,-2,
42,"Tuesday, May 18",NYY,@,TEX,W,7.0,4.0,9.0,23-19,4.0,1.5,Peralta,Foltynewicz,Chapman,3:31,N,26522.0,1.11,1,
43,"Wednesday, May 19",NYY,@,TEX,W,2.0,0.0,9.0,24-19,3.0,1.5,Kluber,Yang,None,2:22,N,31689.0,1.15,2,
44,"Thursday, May 20",NYY,@,TEX,W,2.0,0.0,9.0,25-19,3.0,1.5,German,King,Chapman,2:49,D,27581.0,1.17,3,
45,"Friday, May 21",NYY,Home,CHW,W-wo,2.0,1.0,9.0,26-19,3.0,1.5,Chapman,Marshall,None,2:53,N,14011.0,1.28,4,
46,"Saturday, May 22",NYY,Home,CHW,W,7.0,0.0,9.0,27-19,3.0,1.5,Cole,Cease,None,3:06,D,14665.0,1.28,5,
47,"Sunday, May 23",NYY,Home,CHW,W-wo,5.0,4.0,9.0,28-19,3.0,0.5,Chapman,Bummer,None,3:37,D,14007.0,1.29,6,
48,"Tuesday, May 25",NYY,Home,TOR,L,2.0,6.0,9.0,28-20,3.0,1.0,Matz,Kluber,None,3:02,N,12025.0,1.41,-1,
49,"Thursday, May 27 (1)",NYY,Home,TOR,L,0.0,2.0,7.0,28-21,3.0,2.0,Manoah,German,Romano,2:11,D,,1.36,-2,
50,"Thursday, May 27 (2)",NYY,Home,TOR,W,5.0,3.0,7.0,29-21,3.0,2.0,Loaisiga,Ray,Green,2:16,N,14056.0,1.38,1,
51,"Friday, May 28",NYY,@,DET,L-wo,2.0,3.0,10.0,29-22,3.0,2.5,Garcia,Wilson,None,3:34,N,8000.0,1.18,-1,
52,"Saturday, May 29",NYY,@,DET,L,1.0,6.0,9.0,29-23,3.0,3.5,Turnbull,Garcia,None,2:54,D,8000.0,1.20,-2,
53,"Sunday, May 30",NYY,@,DET,L,2.0,6.0,9.0,29-24,3.0,4.5,Skubal,King,None,3:06,D,8000.0,1.13,-3,
54,"Monday, May 31",NYY,Home,TBR,L,1.0,3.0,9.0,29-25,3.0,5.5,Hill,Taillon,Feyereisen,2:43,D,17008.0,1.24,-4,
55,"Tuesday, Jun 1",NYY,Home,TBR,W-wo,5.0,3.0,11.0,30-25,3.0,4.5,Cessa,Kittredge,None,3:45,N,12537.0,1.27,1,
56,"Wednesday, Jun 2",NYY,Home,TBR,W,4.0,3.0,9.0,31-25,3.0,3.5,Montgomery,McClanahan,Chapman,3:38,N,13824.0,1.34,2,
57,"Thursday, Jun 3",NYY,Home,TBR,L,2.0,9.0,9.0,31-26,3.0,4.5,Yarbrough,Cole,None,2:58,D,12614.0,1.42,-1,
58,"Friday, Jun 4",NYY,Home,BOS,L,2.0,5.0,9.0,31-27,3.0,4.5,Eovaldi,King,Barnes,2:49,N,18040.0,1.25,-2,
59,"Saturday, Jun 5",NYY,Home,BOS,L,3.0,7.0,9.0,31-28,4.0,5.5,Whitlock,Green,Barnes,3:14,N,20019.0,1.18,-3,
60,"Sunday, Jun 6",NYY,Home,BOS,L,5.0,6.0,10.0,31-29,4.0,6.5,Barnes,Cessa,Valdez,3:49,N,19103.0,1.10,-4,
61,"Tuesday, Jun 8",NYY,@,MIN,W,8.0,4.0,9.0,32-29,3.0,6.5,Loaisiga,Rogers,None,3:32,N,17949.0,.81,1,
62,"Wednesday, Jun 9",NYY,@,MIN,W,9.0,6.0,9.0,33-29,3.0,5.5,Cole,Dobnak,None,3:08,N,17078.0,.85,2,
63,"Thursday, Jun 10",NYY,@,MIN,L-wo,5.0,7.0,9.0,33-30,3.0,6.0,Robles,Chapman,None,3:31,N,17728.0,.93,-1,
64,"Saturday, Jun 12",NYY,@,PHI,L-wo,7.0,8.0,10.0,33-31,3.0,7.5,Bradley,Chapman,None,4:02,D,38450.0,.90,-2,
65,"Sunday, Jun 13",NYY,@,PHI,L,0.0,7.0,9.0,33-32,4.0,8.5,Nola,German,None,2:57,D,38512.0,.81,-3,
66,"Tuesday, Jun 15",NYY,@,TOR,W,6.0,5.0,9.0,34-32,3.0,8.0,Loaisiga,Mayza,Chapman,3:31,N,7145.0,.79,1,
67,"Wednesday, Jun 16",NYY,@,TOR,W,3.0,2.0,9.0,35-32,3.0,7.0,Cole,Stripling,Chapman,3:01,N,7271.0,.83,2,
68,"Thursday, Jun 17",NYY,@,TOR,W,8.0,4.0,9.0,36-32,3.0,6.0,Green,Castro,None,3:43,N,7288.0,.93,3,
69,"Friday, Jun 18",NYY,Home,OAK,L,3.0,5.0,9.0,36-33,3.0,6.0,Kaprielian,Peralta,Trivino,3:03,N,24037.0,.96,-1,
70,"Saturday, Jun 19",NYY,Home,OAK,W,7.0,5.0,9.0,37-33,3.0,5.5,Green,Luzardo,Chapman,3:14,D,23985.0,.94,1,
71,"Sunday, Jun 20",NYY,Home,OAK,W,2.0,1.0,9.0,38-33,3.0,4.5,Loaisiga,Manaea,Chapman,3:01,D,27807.0,1.01,2,
72,"Tuesday, Jun 22",NYY,Home,KCR,L,5.0,6.0,9.0,38-34,3.0,5.5,Brentz,Loaisiga,Holland,3:38,N,21130.0,1.05,-1,
73,"Wednesday, Jun 23",NYY,Home,KCR,W-wo,6.0,5.0,9.0,39-34,3.0,4.5,Chapman,Holland,None,3:40,N,25032.0,.93,1,
74,"Thursday, Jun 24",NYY,Home,KCR,W,8.0,1.0,9.0,40-34,3.0,4.0,Taillon,Keller,None,3:03,D,21350.0,1.03,2,
75,"Friday, Jun 25",NYY,@,BOS,L,3.0,5.0,9.0,40-35,3.0,5.0,Whitlock,German,Barnes,3:37,N,36869.0,1.28,-1,
76,"Saturday, Jun 26",NYY,@,BOS,L,2.0,4.0,9.0,40-36,3.0,6.0,Eovaldi,Montgomery,Ottavino,3:22,N,36857.0,1.17,-2,
77,"Sunday, Jun 27",NYY,@,BOS,L,2.0,9.0,9.0,40-37,4.0,6.5,Rodriguez,Cole,None,3:09,D,34504.0,1.05,-3,
78,"Monday, Jun 28",NYY,Home,LAA,L,3.0,5.0,9.0,40-38,4.0,7.5,Suarez,King,Iglesias,3:06,N,25054.0,.82,-4,
79,"Tuesday, Jun 29",NYY,Home,LAA,W,11.0,5.0,9.0,41-38,4.0,7.5,Taillon,Heaney,None,3:31,N,23152.0,.71,1,
80,"Wednesday, Jun 30",NYY,Home,LAA,L,8.0,11.0,9.0,41-39,4.0,8.5,Mayers,Luetge,Iglesias,3:44,N,30714.0,.78,-1,
81,"Saturday, Jul 3",NYY,Home,NYM,L,3.0,8.0,9.0,41-40,4.0,9.5,Walker,Montgomery,None,3:40,D,40047.0,.70,-2,
82,"Sunday, Jul 4 (1)",NYY,Home,NYM,L,5.0,10.0,7.0,41-41,4.0,10.0,Familia,Chapman,None,3:16,D,42714.0,.60,-3,
83,"Sunday, Jul 4 (2)",NYY,Home,NYM,W,4.0,2.0,7.0,42-41,4.0,10.0,Green,Oswalt,None,2:14,N,42107.0,.56,1,
84,"Tuesday, Jul 6",NYY,@,SEA,W,12.0,1.0,9.0,43-41,4.0,9.5,Taillon,Sheffield,None,3:37,N,16547.0,.63,2,
85,"Wednesday, Jul 7",NYY,@,SEA,W,5.0,4.0,9.0,44-41,4.0,8.5,Cessa,Kikuchi,Green,3:02,N,17205.0,.73,3,
86,"Thursday, Jul 8",NYY,@,SEA,L,0.0,4.0,9.0,44-42,4.0,9.0,Gilbert,Montgomery,None,2:27,D,17524.0,.79,-1,
87,"Friday, Jul 9",NYY,@,HOU,W,4.0,0.0,9.0,45-42,3.0,9.0,Luetge,Odorizzi,None,3:14,N,40857.0,.69,1,
88,"Saturday, Jul 10",NYY,@,HOU,W,1.0,0.0,9.0,46-42,3.0,8.0,Cole,Greinke,None,3:00,N,41259.0,.77,2,
89,"Sunday, Jul 11",NYY,@,HOU,L-wo,7.0,8.0,9.0,46-43,3.0,8.0,Garza,Green,None,3:38,D,37928.0,.85,-1,
90,"Friday, Jul 16",NYY,Home,BOS,L,0.0,4.0,9.0,46-44,4.0,9.0,Rodriguez,Montgomery,Houck,3:03,N,40130.0,.89,-2,
91,"Saturday, Jul 17",NYY,Home,BOS,W,3.0,1.0,6.0,47-44,4.0,8.0,Cole,Sawamura,None,2:43,N,37095.0,.70,1,
92,"Sunday, Jul 18",NYY,Home,BOS,W,9.0,1.0,9.0,48-44,4.0,7.0,Taillon,Perez,None,3:44,N,40309.0,.84,2,
93,"Tuesday, Jul 20",NYY,Home,PHI,W,6.0,4.0,9.0,49-44,3.0,7.0,Cessa,Nola,Chapman,3:46,N,36106.0,.70,3,
94,"Wednesday, Jul 21",NYY,Home,PHI,W-wo,6.0,5.0,10.0,50-44,3.0,7.0,Kriske,Suarez,None,4:17,N,34112.0,.82,4,
95,"Thursday, Jul 22",NYY,@,BOS,L-wo,4.0,5.0,10.0,50-45,3.0,8.0,Barnes,Kriske,None,3:48,N,34761.0,1.05,-1,
96,"Friday, Jul 23",NYY,@,BOS,L,2.0,6.0,9.0,50-46,3.0,9.0,Rios,Cole,None,3:26,N,34922.0,.89,-2,
97,"Saturday, Jul 24",NYY,@,BOS,W,4.0,3.0,9.0,51-46,3.0,8.0,Taillon,Ottavino,Chapman,3:02,D,35136.0,.74,1,
98,"Sunday, Jul 25",NYY,@,BOS,L,4.0,5.0,9.0,51-47,3.0,9.0,Workman,Loaisiga,Barnes,2:50,D,32009.0,.86,-1,
99,"Tuesday, Jul 27",NYY,@,TBR,W,4.0,3.0,9.0,52-47,3.0,9.0,Montgomery,McClanahan,Chapman,3:38,N,12678.0,.75,1,
100,"Wednesday, Jul 28",NYY,@,TBR,W,3.0,1.0,10.0,53-47,3.0,8.5,Green,Fairbanks,Chapman,3:25,N,11525.0,.89,2,
101,"Thursday, Jul 29",NYY,@,TBR,L,0.0,14.0,9.0,53-48,3.0,8.5,Patino,Cole,None,2:59,D,14134.0,1.02,-1,
102,"Friday, Jul 30",NYY,@,MIA,W,3.0,1.0,9.0,54-48,3.0,7.5,Taillon,Thompson,Chapman,3:17,N,18462.0,.77,1,
103,"Saturday, Jul 31",NYY,@,MIA,W,4.0,2.0,9.0,55-48,3.0,7.0,Luetge,Hess,Loaisiga,3:25,N,25767.0,.78,2,
104,"Sunday, Aug 1",NYY,@,MIA,W,3.0,1.0,9.0,56-48,3.0,7.0,Rodriguez,Bass,Chapman,3:04,D,20758.0,.91,3,
105,"Monday, Aug 2",NYY,Home,BAL,L,1.0,7.0,9.0,56-49,3.0,7.0,Lopez,Heaney,None,3:12,N,28879.0,.99,-1,
106,"Tuesday, Aug 3",NYY,Home,BAL,W,13.0,1.0,9.0,57-49,3.0,6.0,Gil,Wells,None,3:04,N,30815.0,.93,1,
107,"Wednesday, Aug 4",NYY,Home,BAL,W,10.0,3.0,9.0,58-49,3.0,6.0,Loaisiga,Sulser,None,2:56,N,30055.0,1.06,2,
108,"Thursday, Aug 5",NYY,Home,SEA,W,5.0,3.0,9.0,59-49,3.0,5.5,Green,Sewald,Chapman,3:13,N,33211.0,1.23,3,
109,"Friday, Aug 6",NYY,Home,SEA,W-wo,3.0,2.0,11.0,60-49,3.0,5.5,Abreu,Middleton,None,4:16,N,43180.0,1.31,4,
110,"Saturday, Aug 7",NYY,Home,SEA,W,5.0,4.0,9.0,61-49,3.0,5.5,Heaney,Misiewicz,Loaisiga,3:11,D,35165.0,1.39,5,
111,"Sunday, Aug 8",NYY,Home,SEA,L,0.0,2.0,9.0,61-50,3.0,6.5,Sewald,Luetge,Steckenrider,3:48,D,35437.0,1.39,-1,
112,"Monday, Aug 9",NYY,@,KCR,W,8.0,6.0,11.0,62-50,3.0,6.0,Holmes,Holland,Peralta,4:52,N,18477.0,1.20,1,
113,"Tuesday, Aug 10",NYY,@,KCR,L,4.0,8.0,9.0,62-51,3.0,7.0,Staumont,Cortes,None,3:03,N,18218.0,1.28,-1,
114,"Wednesday, Aug 11",NYY,@,KCR,W,5.0,2.0,9.0,63-51,3.0,6.0,Green,Singer,Britton,3:22,D,13748.0,1.17,1,
115,"Thursday, Aug 12",NYY,@,CHW,L-wo,8.0,9.0,9.0,63-52,3.0,7.0,Hendriks,Britton,None,3:29,N,7832.0,1.30,-1,
116,"Saturday, Aug 14",NYY,@,CHW,W,7.0,5.0,10.0,64-52,3.0,6.5,Green,Hendriks,Abreu,4:20,N,38477.0,1.16,1,
117,"Sunday, Aug 15",NYY,@,CHW,W,5.0,3.0,9.0,65-52,3.0,5.5,Cortes,Giolito,Peralta,3:48,D,37696.0,1.24,2,
118,"Monday, Aug 16",NYY,Home,LAA,W,2.0,1.0,9.0,66-52,3.0,5.5,Cole,Suarez,Green,2:49,N,37010.0,1.35,3,
119,"Tuesday, Aug 17 (1)",NYY,Home,BOS,W,5.0,3.0,7.0,67-52,2.0,5.0,Abreu,Whitlock,Loaisiga,2:56,D,39078.0,1.81,4,
120,"Tuesday, Aug 17 (2)",NYY,Home,BOS,W,2.0,0.0,7.0,68-52,2.0,5.0,Peralta,Eovaldi,Green,2:31,N,35237.0,1.93,5,
121,"Wednesday, Aug 18",NYY,Home,BOS,W,5.0,2.0,9.0,69-52,2.0,5.0,Heaney,Pivetta,Luetge,3:41,N,39166.0,1.89,6,
122,"Thursday, Aug 19",NYY,Home,MIN,W,7.0,5.0,9.0,70-52,2.0,5.0,Taillon,Gant,Green,2:54,N,30019.0,1.50,7,
123,"Friday, Aug 20",NYY,Home,MIN,W,10.0,2.0,9.0,71-52,2.0,4.0,Cortes,Barnes,None,3:02,N,39124.0,1.49,8,
124,"Saturday, Aug 21",NYY,Home,MIN,W,7.0,1.0,9.0,72-52,2.0,4.0,Cole,Maeda,None,3:04,D,35247.0,1.58,9,
125,"Monday, Aug 23",NYY,@,ATL,W,5.0,1.0,9.0,73-52,2.0,4.0,Montgomery,Ynoa,None,2:58,N,39176.0,1.45,10,
126,"Tuesday, Aug 24",NYY,@,ATL,W,5.0,4.0,9.0,74-52,2.0,4.0,Holmes,Morton,Peralta,3:35,N,37426.0,1.47,11,
127,"Thursday, Aug 26",NYY,@,OAK,W,7.0,6.0,9.0,75-52,2.0,4.0,Loaisiga,Trivino,Chapman,3:43,N,8147.0,1.41,12,
128,"Friday, Aug 27",NYY,@,OAK,W,8.0,2.0,9.0,76-52,2.0,4.0,Cole,Manaea,None,3:27,N,22463.0,1.42,13,
129,"Saturday, Aug 28",NYY,@,OAK,L,2.0,3.0,9.0,76-53,2.0,5.0,Montas,Cortes,Romo,2:45,D,18337.0,1.24,-1,
130,"Sunday, Aug 29",NYY,@,OAK,L,1.0,3.0,9.0,76-54,2.0,6.0,Guerra,Green,Chafin,3:12,D,18468.0,1.25,-2,
131,"Monday, Aug 30",NYY,@,LAA,L,7.0,8.0,9.0,76-55,2.0,7.0,Guerra,Peralta,Iglesias,3:10,N,29436.0,1.05,-3,
132,"Tuesday, Aug 31",NYY,@,LAA,L,4.0,6.0,9.0,76-56,2.0,8.0,Herget,Taillon,Iglesias,3:12,N,34813.0,.98,-4,
133,"Wednesday, Sep 1",NYY,@,LAA,W,4.0,1.0,9.0,77-56,2.0,7.0,Cole,Naughton,Chapman,2:50,D,28753.0,1.00,1,
134,"Friday, Sep 3",NYY,Home,BAL,W-wo,4.0,3.0,11.0,78-56,2.0,6.5,Holmes,Tate,None,3:48,N,34085.0,1.18,2,
135,"Saturday, Sep 4",NYY,Home,BAL,L,3.0,4.0,9.0,78-57,2.0,7.5,Sulser,Chapman,None,3:54,D,34571.0,1.08,-1,
136,"Sunday, Sep 5",NYY,Home,BAL,L,7.0,8.0,9.0,78-58,2.0,7.5,Diplan,Heaney,Wells,4:01,D,33091.0,1.06,-2,
137,"Monday, Sep 6",NYY,Home,TOR,L,0.0,8.0,9.0,78-59,2.0,8.5,Ryu,Taillon,None,2:45,D,31196.0,1.37,-3,
138,"Tuesday, Sep 7",NYY,Home,TOR,L,1.0,5.0,9.0,78-60,2.0,9.5,Matz,Cole,None,2:56,N,30164.0,1.47,-4,
139,"Wednesday, Sep 8",NYY,Home,TOR,L,3.0,6.0,9.0,78-61,3.0,9.5,Richards,Holmes,Romano,3:54,N,25873.0,1.53,-5,
140,"Thursday, Sep 9",NYY,Home,TOR,L,4.0,6.0,9.0,78-62,3.0,10.0,Berrios,Romano,None,3:30,N,30112.0,1.81,-6,
141,"Friday, Sep 10",NYY,@,NYM,L,3.0,10.0,9.0,78-63,3.0,10.0,Megill,Montgomery,None,3:23,N,37288.0,1.44,-7,
142,"Saturday, Sep 11",NYY,@,NYM,W,8.0,7.0,9.0,79-63,3.0,10.0,Holmes,May,Chapman,3:58,N,43144.0,1.45,1,
143,"Sunday, Sep 12",NYY,@,NYM,L,6.0,7.0,9.0,79-64,4.0,10.0,Lugo,Green,Díaz,4:06,N,33805.0,1.46,-1,
144,"Monday, Sep 13",NYY,Home,MIN,W-wo,6.0,5.0,10.0,80-64,3.0,9.0,Holmes,Garza,None,3:31,D,31528.0,1.47,1,
145,"Tuesday, Sep 14",NYY,@,BAL,W,7.0,2.0,9.0,81-64,2.0,9.0,Cole,Wells,None,3:28,N,10235.0,1.56,2,
146,"Wednesday, Sep 15",NYY,@,BAL,W,4.0,3.0,9.0,82-64,2.0,8.0,Peralta,Wells,Chapman,3:18,N,10402.0,1.47,3,
147,"Thursday, Sep 16",NYY,@,BAL,L-wo,2.0,3.0,10.0,82-65,4.0,9.0,Sulser,Peralta,None,4:04,N,20164.0,1.54,-1,
148,"Friday, Sep 17",NYY,Home,CLE,W,8.0,0.0,9.0,83-65,3.0,9.0,Kluber,Plesac,None,2:50,N,31403.0,1.61,1,
149,"Saturday, Sep 18",NYY,Home,CLE,L,3.0,11.0,9.0,83-66,4.0,9.0,Civale,Gil,None,3:26,D,39088.0,1.58,-1,
150,"Sunday, Sep 19",NYY,Home,CLE,L,1.0,11.0,9.0,83-67,4.0,9.0,Morgan,Cole,None,3:25,D,34110.0,1.66,-2,
151,"Monday, Sep 20",NYY,Home,TEX,W,4.0,3.0,9.0,84-67,4.0,9.0,Green,Alexy,Chapman,3:21,N,22160.0,1.48,1,
152,"Tuesday, Sep 21",NYY,Home,TEX,W,7.0,1.0,9.0,85-67,4.0,8.0,Montgomery,Dunning,None,3:00,N,23335.0,1.70,2,
153,"Wednesday, Sep 22",NYY,Home,TEX,W,7.0,3.0,9.0,86-67,3.0,8.0,Green,Patton,None,3:21,N,25170.0,1.78,3,
154,"Friday, Sep 24",NYY,@,BOS,W,8.0,3.0,9.0,87-67,3.0,8.0,Cole,Eovaldi,None,3:31,N,36026.0,2.15,4,
155,"Saturday, Sep 25",NYY,@,BOS,W,5.0,3.0,9.0,88-67,2.0,8.0,Severino,Houck,Chapman,3:33,D,36103.0,2.29,5,
156,"Sunday, Sep 26",NYY,@,BOS,W,6.0,3.0,9.0,89-67,2.0,8.0,Green,Richards,Chapman,3:42,N,36312.0,2.26,6,
157,"Tuesday, Sep 28",NYY,@,TOR,W,7.0,2.0,9.0,90-67,2.0,7.0,King,Ryu,None,3:36,N,28769.0,2.12,7,
158,"Wednesday, Sep 29",NYY,@,TOR,L,5.0,6.0,9.0,90-68,2.0,8.0,Cimber,Holmes,Romano,2:52,N,29601.0,1.00,-1,
159,"Thursday, Sep 30",NYY,@,TOR,W,6.0,2.0,9.0,91-68,2.0,7.0,King,Ray,None,3:29,N,29659.0,2.18,1,
160,"Friday, Oct 1",NYY,Home,TBR,L,3.0,4.0,9.0,91-69,2.0,8.0,Head,Cortes,Kittredge,3:25,N,41469.0,.54,-1,
161,"Saturday, Oct 2",NYY,Home,TBR,L,2.0,12.0,9.0,91-70,2.0,9.0,Patino,Montgomery,None,3:26,D,41648.0,1.01,-2,
162,"Sunday, Oct 3",NYY,Home,TBR,W-wo,1.0,0.0,9.0,92-70,2.0,8.0,Chapman,Fleming,None,3:03,D,40409.0,4.17,1,
